,PERMNO,NAMEENDT,SHRCD,EXCHCD,SICCD,NCUSIP,TICKER,COMNAM,TSYMBOL,NAICS,PRIMEXCH,TRDSTAT,SECSTAT,PERMCO,HEXCD,HSICCD,CUSIP,DLSTCD,NEXTDT,HSICMG,HSICIG,DISTCD,DIVAMT,FACPR,ACPERM,NWPERM,DLPRC,PRC,RET,SHROUT,CFACPR,OPENPRC,MARKETCAP,TAQ_TICKER,pNYSE_size,pNYSE_value,pNYSE_prof,pNYSE_dur,pNYSE_valprof,pNYSE_fscore,pNYSE_debtiss,pNYSE_repurch,pNYSE_nissa,pNYSE_accruals,pNYSE_growth,pNYSE_aturnover,pNYSE_gmargins,pNYSE_divp,pNYSE_ep,pNYSE_cfp,pNYSE_noa,pNYSE_inv,pNYSE_invcap,pNYSE_igrowth,pNYSE_sgrowth,pNYSE_lev,pNYSE_roaa,pNYSE_roea,pNYSE_sp,pNYSE_gltnoa,pNYSE_divg,pNYSE_invaci,pNYSE_mom,pNYSE_indmom,pNYSE_valmom,pNYSE_valmomprof,pNYSE_shortint,pNYSE_mom12,pNYSE_momrev,pNYSE_lrrev,pNYSE_valuem,pNYSE_nissm,pNYSE_sue,pNYSE_roe,pNYSE_rome,pNYSE_roa,pNYSE_strev,pNYSE_ivol,pNYSE_betaarb,pNYSE_season,pNYSE_indrrev,pNYSE_indrrevlv,pNYSE_indmomrev,pNYSE_ciss,pNYSE_price,pNYSE_age,pNYSE_shvol,pNYSE_exchsw,pNYSE_ipo
2005-01-03,85943,,11,2,6036.0,26842310,EFC,E F C BANCORP INC,EFC,522120.0,A,A,R,34719,2,6036.0,26842310.0,,,60.0,603.0,,,,,,,25.65,-0.015355,4698.0,1.0,25.79,120503.7,EFC,10.0,,,,,1,10.0,1.0,7.0,,,,,7.0,8.0,5.0,,,,,,10.0,3.0,5.0,3.0,,8.0,,5.0,6.0,,,10.0,4.0,5.0,2.0,,3.0,,3.0,4.0,2.0,6.0,9.0,10.0,8.0,6.0,6.0,6.0,10.0,5.0,9,10.0,10,1
2005-01-04,85943,,11,2,6036.0,26842310,EFC,E F C BANCORP INC,EFC,522120.0,A,A,R,34719,2,6036.0,26842310.0,,,60.0,603.0,,,,,,,25.7,0.001949,4698.0,1.0,25.85,120738.6,EFC,10.0,,,,,1,10.0,1.0,7.0,,,,,7.0,8.0,5.0,,,,,,10.0,3.0,5.0,3.0,,8.0,,5.0,6.0,,,10.0,4.0,5.0,2.0,,3.0,,3.0,4.0,2.0,6.0,9.0,10.0,8.0,6.0,6.0,6.0,10.0,5.0,9,10.0,10,1
2005-01-05,85943,,11,2,6036.0,26842310,EFC,E F C BANCORP INC,EFC,522120.0,A,A,R,34719,2,6036.0,26842310.0,,,60.0,603.0,,,,,,,25.75,0.001945,4698.0,1.0,25.75,120973.5,EFC,10.0,,,,,1,10.0,1.0,7.0,,,,,7.0,8.0,5.0,,,,,,10.0,3.0,5.0,3.0,,8.0,,5.0,6.0,,,10.0,4.0,5.0,2.0,,3.0,,3.0,4.0,2.0,6.0,9.0,10.0,8.0,6.0,6.0,6.0,10.0,5.0,9,10.0,10,1
2005-01-06,85943,,11,2,6036.0,26842310,EFC,E F C BANCORP INC,EFC,522120.0,A,A,R,34719,2,6036.0,26842310.0,,,60.0,603.0,,,,,,,25.75,0.0,4698.0,1.0,25.95,120973.5,EFC,10.0,,,,,1,10.0,1.0,7.0,,,,,7.0,8.0,5.0,,,,,,10.0,3.0,5.0,3.0,,8.0,,5.0,6.0,,,10.0,4.0,5.0,2.0,,3.0,,3.0,4.0,2.0,6.0,9.0,10.0,8.0,6.0,6.0,6.0,10.0,5.0,9,10.0,10,1
2005-01-07,85943,,11,2,6036.0,26842310,EFC,E F C BANCORP INC,EFC,522120.0,A,A,R,34719,2,6036.0,26842310.0,,,60.0,603.0,,,,,,,25.95,0.007767,4698.0,1.0,25.65,121913.1,EFC,10.0,,,,,1,10.0,1.0,7.0,,,,,7.0,8.0,5.0,,,,,,10.0,3.0,5.0,3.0,,8.0,,5.0,6.0,,,10.0,4.0,5.0,2.0,,3.0,,3.0,4.0,2.0,6.0,9.0,10.0,8.0,6.0,6.0,6.0,10.0,5.0,9,10.0,10,1
2005-01-10,85943,,11,2,6036.0,26842310,EFC,E F C BANCORP INC,EFC,522120.0,A,A,R,34719,2,6036.0,26842310.0,,,60.0,603.0,,,,,,,26.5,0.021195,4698.0,1.0,25.7,124497.0,EFC,10.0,,,,,1,10.0,1.0,7.0,,,,,7.0,8.0,5.0,,,,,,10.0,3.0,5.0,3.0,,8.0,,5.0,6.0,,,10.0,4.0,5.0,2.0,,3.0,,3.0,4.0,2.0,6.0,9.0,10.0,8.0,6.0,6.0,6.0,10.0,5.0,9,10.0,10,1
2005-01-11,85943,,11,2,6036.0,26842310,EFC,E F C BANCORP INC,EFC,522120.0,A,A,R,34719,2,6036.0,26842310.0,,,60.0,603.0,,,,,,,26.6,0.003774,4698.0,1.0,26.6,124966.8,EFC,10.0,,,,,1,10.0,1.0,7.0,,,,,7.0,8.0,5.0,,,,,,10.0,3.0,5.0,3.0,,8.0,,5.0,6.0,,,10.0,4.0,5.0,2.0,,3.0,,3.0,4.0,2.0,6.0,9.0,10.0,8.0,6.0,6.0,6.0,10.0,5.0,9,10.0,10,1
2005-01-12,85943,,11,2,6036.0,26842310,EFC,E F C BANCORP INC,EFC,522120.0,A,A,R,34719,2,6036.0,26842310.0,,,60.0,603.0,,,,,,,26.3,-0.011278,4698.0,1.0,26.6,123557.4,EFC,10.0,,,,,1,10.0,1.0,7.0,,,,,7.0,8.0,5.0,,,,,,10.0,3.0,5.0,3.0,,8.0,,5.0,6.0,,,10.0,4.0,5.0,2.0,,3.0,,3.0,4.0,2.0,6.0,9.0,10.0,8.0,6.0,6.0,6.0,10.0,5.0,9,10.0,10,1
2005-01-13,85943,,11,2,6036.0,26842310,EFC,E F C BANCORP INC,EFC,522120.0,A,A,R,34719,2,6036.0,26842310.0,,,60.0,603.0,,,,,,,26.15,-0.005703,4698.0,1.0,26.15,122852.7,EFC,10.0,,,,,1,10.0,1.0,7.0,,,,,7.0,8.0,5.0,,,,,,10.0,3.0,5.0,3.0,,8.0,,5.0,6.0,,,10.0,4.0,5.0,2.0,,3.0,,3.0,4.0,2.0,6.0,9.0,10.0,8.0,6.0,6.0,6.0,10.0,5.0,9,10.0,10,1
2005-01-14,85943,,11,2,6036.0,26842310,EFC,E F C BANCORP INC,EFC,522120.0,A,A,R,34719,2,6036.0,26842310.0,,,60.0,603.0,,,,,,,26.15,0.0,4698.0,1.0,26.15,122852.7,EFC,10.0,,,,,1,10.0,1.0,7.0,,,,,7.0,8.0,5.0,,,,,,10.0,3.0,5.0,3.0,,8.0,,5.0,6.0,,,10.0,4.0,5.0,2.0,,3.0,,3.0,4.0,2.0,6.0,9.0,10.0,8.0,6.0,6.0,6.0,10.0,5.0,9,10.0,10,1
2005-01-18,85943,,11,2,6036.0,26842310,EFC,E F C BANCORP INC,EFC,522120.0,A,A,R,34719,2,6036.0,26842310.0,,,60.0,603.0,,,,,,,26.35,0.007648,4698.0,1.0,26.15,123792.3,EFC,10.0,,,,,1,10.0,1.0,7.0,,,,,7.0,8.0,5.0,,,,,,10.0,3.0,5.0,3.0,,8.0,,5.0,6.0,,,10.0,4.0,5.0,2.0,,3.0,,3.0,4.0,2.0,6.0,9.0,10.0,8.0,6.0,6.0,6.0,10.0,5.0,9,10.0,10,1
2005-01-19,85943,,11,2,6036.0,26842310,EFC,E F C BANCORP INC,EFC,522120.0,A,A,R,34719,2,6036.0,26842310.0,,,60.0,603.0,,,,,,,26.34,-0.00038,4698.0,1.0,26.36,123745.32,EFC,10.0,,,,,1,10.0,1.0,7.0,,,,,7.0,8.0,5.0,,,,,,10.0,3.0,5.0,3.0,,8.0,,5.0,6.0,,,10.0,4.0,5.0,2.0,,3.0,,3.0,4.0,2.0,6.0,9.0,10.0,8.0,6.0,6.0,6.0,10.0,5.0,9,10.0,10,1
2005-01-20,85943,,11,2,6036.0,26842310,EFC,E F C BANCORP INC,EFC,522120.0,A,A,R,34719,2,6036.0,26842310.0,,,60.0,603.0,,,,,,,26.17,-0.006454,4698.0,1.0,26.35,122946.66,EFC,10.0,,,,,1,10.0,1.0,7.0,,,,,7.0,8.0,5.0,,,,,,10.0,3.0,5.0,3.0,,8.0,,5.0,6.0,,,10.0,4.0,5.0,2.0,,3.0,,3.0,4.0,2.0,6.0,9.0,10.0,8.0,6.0,6.0,6.0,10.0,5.0,9,10.0,10,1
2005-01-21,85943,,11,2,6036.0,26842310,EFC,E F C BANCORP INC,EFC,522120.0,A,A,R,34719,2,6036.0,26842310.0,,,60.0,603.0,,,,,,,26.14,-0.001146,4698.0,1.0,26.01,122805.72,EFC,10.0,,,,,1,10.0,1.0,7.0,,,,,7.0,8.0,5.0,,,,,,10.0,3.0,5.0,3.0,,8.0,,5.0,6.0,,,10.0,4.0,5.0,2.0,,3.0,,3.0,4.0,2.0,6.0,9.0,10.0,8.0,6.0,6.0,6.0,10.0,5.0,9,10.0,10,1
2005-01-24,85943,,11,2,6036.0,26842310,EFC,E F C BANCORP INC,EFC,522120.0,A,A,R,34719,2,6036.0,26842310.0,,,60.0,603.0,,,,,,,25.93,-0.008034,4698.0,1.0,25.93,121819.14,EFC,10.0,,,,,1,10.0,1.0,7.0,,,,,7.0,8.0,5.0,,,,,,10.0,3.0,5.0,3.0,,8.0,,5.0,6.0,,,10.0,4.0,5.0,2.0,,3.0,,3.0,4.0,2.0,6.0,9.0,10.0,8.0,6.0,6.0,6.0,10.0,5.0,9,10.0,10,1
2005-01-25,85943,,11,2,6036.0,26842310,EFC,E F C BANCORP INC,EFC,522120.0,A,A,R,34719,2,6036.0,26842310.0,,,60.0,603.0,,,,,,,26.09,0.00617,4698.0,1.0,26.14,122570.82,EFC,10.0,,,,,1,10.0,1.0,7.0,,,,,7.0,8.0,5.0,,,,,,10.0,3.0,5.0,3.0,,8.0,,5.0,6.0,,,10.0,4.0,5.0,2.0,,3.0,,3.0,4.0,2.0,6.0,9.0,10.0,8.0,6.0,6.0,6.0,10.0,5.0,9,10.0,10,1
2005-01-26,85943,,11,2,6036.0,26842310,EFC,E F C BANCORP INC,EFC,522120.0,A,A,R,34719,2,6036.0,26842310.0,,,60.0,603.0,,,,,,,-26.12,0.00115,4698.0,1.0,,-122711.76,EFC,10.0,,,,,1,10.0,1.0,7.0,,,,,7.0,8.0,5.0,,,,,,10.0,3.0,5.0,3.0,,8.0,,5.0,6.0,,,10.0,4.0,5.0,2.0,,3.0,,3.0,4.0,2.0,6.0,9.0,10.0,8.0,6.0,6.0,6.0,10.0,5.0,9,10.0,10,1
2005-01-27,85943,,11,2,6036.0,26842310,EFC,E F C BANCORP INC,EFC,522120.0,A,A,R,34719,2,6036.0,26842310.0,,,60.0,603.0,,,,,,,26.1,-0.000766,4698.0,1.0,26.13,122617.8,EFC,10.0,,,,,1,10.0,1.0,7.0,,,,,7.0,8.0,5.0,,,,,,10.0,3.0,5.0,3.0,,8.0,,5.0,6.0,,,10.0,4.0,5.0,2.0,,3.0,,3.0,4.0,2.0,6.0,9.0,10.0,8.0,6.0,6.0,6.0,10.0,5.0,9,10.0,10,1
2005-01-28,85943,,11,2,6036.0,26842310,EFC,E F C BANCORP INC,EFC,522120.0,A,A,R,34719,2,6036.0,26842310.0,,,60.0,603.0,,,,,,,26.16,0.002299,4698.0,1.0,26.08,122899.68,EFC,10.0,,,,,1,10.0,1.0,7.0,,,,,7.0,8.0,5.0,,,,,,10.0,3.0,5.0,3.0,,8.0,,5.0,6.0,,,10.0,4.0,5.0,2.0,,3.0,,3.0,4.0,2.0,6.0,9.0,10.0,8.0,6.0,6.0,6.0,10.0,5.0,9,10.0,10,1
2005-01-31,85943,,11,2,6036.0,26842310,EFC,E F C BANCORP INC,EFC,522120.0,A,A,R,34719,2,6036.0,26842310.0,,,60.0,603.0,,,,,,,-26.245,0.003249,4698.0,1.0,,-123299.01,EFC,10.0,,,,,1,10.0,1.0,7.0,,,,,7.0,8.0,5.0,,,,,,10.0,3.0,5.0,3.0,,8.0,,5.0,6.0,,,10.0,4.0,5.0,2.0,,3.0,,3.0,4.0,2.0,6.0,9.0,10.0,8.0,6.0,6.0,6.0,10.0,5.0,9,10.0,10,1
2005-02-01,85943,,11,2,6036.0,26842310,EFC,E F C BANCORP INC,EFC,522120.0,A,A,R,34719,2,6036.0,26842310.0,,,60.0,603.0,,,,,,,-26.215,-0.001143,4698.0,1.0,,-123158.07,EFC,10.0,,,,,1,10.0,1.0,7.0,,,,,7.0,8.0,5.0,,,,,,10.0,3.0,5.0,3.0,,8.0,,6.0,5.0,,,10.0,3.0,3.0,2.0,,3.0,,,,,4.0,9.0,10.0,8.0,3.0,2.0,2.0,10.0,5.0,9,10.0,10,1
2005-02-02,85943,,11,2,6036.0,26842310,EFC,E F C BANCORP INC,EFC,522120.0,A,A,R,34719,2,6036.0,26842310.0,,,60.0,603.0,,,,,,,-26.2,-0.000572,4698.0,1.0,,-123087.6,EFC,10.0,,,,,1,10.0,1.0,7.0,,,,,7.0,8.0,5.0,,,,,,10.0,3.0,5.0,3.0,,8.0,,6.0,5.0,,,10.0,3.0,3.0,2.0,,3.0,,,,,4.0,9.0,10.0,8.0,3.0,2.0,2.0,10.0,5.0,9,10.0,10,1
2005-02-03,85943,,11,2,6036.0,26842310,EFC,E F C BANCORP INC,EFC,522120.0,A,A,R,34719,2,6036.0,26842310.0,,,60.0,603.0,,,,,,,26.35,0.005725,4698.0,1.0,26.14,123792.3,EFC,10.0,,,,,1,10.0,1.0,7.0,,,,,7.0,8.0,5.0,,,,,,10.0,3.0,5.0,3.0,,8.0,,6.0,5.0,,,10.0,3.0,3.0,2.0,,3.0,,,,,4.0,9.0,10.0,8.0,3.0,2.0,2.0,10.0,5.0,9,10.0,10,1
2005-02-04,85943,,11,2,6036.0,26842310,EFC,E F C BANCORP INC,EFC,522120.0,A,A,R,34719,2,6036.0,26842310.0,,,60.0,603.0,,,,,,,26.0,-0.013283,4698.0,1.0,26.0,122148.0,EFC,10.0,,,,,1,10.0,1.0,7.0,,,,,7.0,8.0,5.0,,,,,,10.0,3.0,5.0,3.0,,8.0,,6.0,5.0,,,10.0,3.0,3.0,2.0,,3.0,,,,,4.0,9.0,10.0,8.0,3.0,2.0,2.0,10.0,5.0,9,10.0,10,1
2005-02-07,85943,,11,2,6036.0,26842310,EFC,E F C BANCORP INC,EFC,522120.0,A,A,R,34719,2,6036.0,26842310.0,,,60.0,603.0,,,,,,,26.41,0.015769,4698.0,1.0,26.24,124074.18,EFC,10.0,,,,,1,10.0,1.0,7.0,,,,,7.0,8.0,5.0,,,,,,10.0,3.0,5.0,3.0,,8.0,,6.0,5.0,,,10.0,3.0,3.0,2.0,,3.0,,,,,4.0,9.0,10.0,8.0,3.0,2.0,2.0,10.0,5.0,9,10.0,10,1
2005-02-08,85943,,11,2,6036.0,26842310,EFC,E F C BANCORP INC,EFC,522120.0,A,A,R,34719,2,6036.0,26842310.0,,,60.0,603.0,,,,,,,26.4,-0.000379,4698.0,1.0,26.07,124027.2,EFC,10.0,,,,,1,10.0,1.0,7.0,,,,,7.0,8.0,5.0,,,,,,10.0,3.0,5.0,3.0,,8.0,,6.0,5.0,,,10.0,3.0,3.0,2.0,,3.0,,,,,4.0,9.0,10.0,8.0,3.0,2.0,2.0,10.0,5.0,9,10.0,10,1
2005-02-09,85943,,11,2,6036.0,26842310,EFC,E F C BANCORP INC,EFC,522120.0,A,A,R,34719,2,6036.0,26842310.0,,,60.0,603.0,,,,,,,26.34,-0.002273,4698.0,1.0,26.25,123745.32,EFC,10.0,,,,,1,10.0,1.0,7.0,,,,,7.0,8.0,5.0,,,,,,10.0,3.0,5.0,3.0,,8.0,,6.0,5.0,,,10.0,3.0,3.0,2.0,,3.0,,,,,4.0,9.0,10.0,8.0,3.0,2.0,2.0,10.0,5.0,9,10.0,10,1
2005-02-10,85943,,11,2,6036.0,26842310,EFC,E F C BANCORP INC,EFC,522120.0,A,A,R,34719,2,6036.0,26842310.0,,,60.0,603.0,,,,,,,26.5,0.006074,4698.0,1.0,26.29,124497.0,EFC,10.0,,,,,1,10.0,1.0,7.0,,,,,7.0,8.0,5.0,,,,,,10.0,3.0,5.0,3.0,,8.0,,6.0,5.0,,,10.0,3.0,3.0,2.0,,3.0,,,,,4.0,9.0,10.0,8.0,3.0,2.0,2.0,10.0,5.0,9,10.0,10,1
2005-02-11,85943,,11,2,6036.0,26842310,EFC,E F C BANCORP INC,EFC,522120.0,A,A,R,34719,2,6036.0,26842310.0,,,60.0,603.0,,,,,,,-26.5,0.0,4698.0,1.0,,-124497.0,EFC,10.0,,,,,1,10.0,1.0,7.0,,,,,7.0,8.0,5.0,,,,,,10.0,3.0,5.0,3.0,,8.0,,6.0,5.0,,,10.0,3.0,3.0,2.0,,3.0,,,,,4.0,9.0,10.0,8.0,3.0,2.0,2.0,10.0,5.0,9,10.0,10,1
2005-02-14,85943,,11,2,6036.0,26842310,EFC,E F C BANCORP INC,EFC,522120.0,A,A,R,34719,2,6036.0,26842310.0,,,60.0,603.0,,,,,,,26.76,0.009811,4698.0,1.0,26.4,125718.48,EFC,10.0,,,,,1,10.0,1.0,7.0,,,,,7.0,8.0,5.0,,,,,,10.0,3.0,5.0,3.0,,8.0,,6.0,5.0,,,10.0,3.0,3.0,2.0,,3.0,,,,,4.0,9.0,10.0,8.0,3.0,2.0,2.0,10.0,5.0,9,10.0,10,1
2005-02-15,85943,,11,2,6036.0,26842310,EFC,E F C BANCORP INC,EFC,522120.0,A,A,R,34719,2,6036.0,26842310.0,,,60.0,603.0,,,,,,,26.85,0.003363,4698.0,1.0,26.64,126141.3,EFC,10.0,,,,,1,10.0,1.0,7.0,,,,,7.0,8.0,5.0,,,,,,10.0,3.0,5.0,3.0,,8.0,,6.0,5.0,,,10.0,3.0,3.0,2.0,,3.0,,,,,4.0,9.0,10.0,8.0,3.0,2.0,2.0,10.0,5.0,9,10.0,10,1
2005-02-16,85943,,11,2,6036.0,26842310,EFC,E F C BANCORP INC,EFC,522120.0,A,A,R,34719,2,6036.0,26842310.0,,,60.0,603.0,,,,,,,26.9,0.001862,4698.0,1.0,26.9,126376.2,EFC,10.0,,,,,1,10.0,1.0,7.0,,,,,7.0,8.0,5.0,,,,,,10.0,3.0,5.0,3.0,,8.0,,6.0,5.0,,,10.0,3.0,3.0,2.0,,3.0,,,,,4.0,9.0,10.0,8.0,3.0,2.0,2.0,10.0,5.0,9,10.0,10,1
2005-02-17,85943,,11,2,6036.0,26842310,EFC,E F C BANCORP INC,EFC,522120.0,A,A,R,34719,2,6036.0,26842310.0,,,60.0,603.0,,,,,,,27.18,0.010409,4698.0,1.0,27.1,127691.64,EFC,10.0,,,,,1,10.0,1.0,7.0,,,,,7.0,8.0,5.0,,,,,,10.0,3.0,5.0,3.0,,8.0,,6.0,5.0,,,10.0,3.0,3.0,2.0,,3.0,,,,,4.0,9.0,10.0,8.0,3.0,2.0,2.0,10.0,5.0,9,10.0,10,1
2005-02-18,85943,,11,2,6036.0,26842310,EFC,E F C BANCORP INC,EFC,522120.0,A,A,R,34719,2,6036.0,26842310.0,,,60.0,603.0,,,,,,,26.94,-0.00883,4698.0,1.0,27.29,126564.12,EFC,10.0,,,,,1,10.0,1.0,7.0,,,,,7.0,8.0,5.0,,,,,,10.0,3.0,5.0,3.0,,8.0,,6.0,5.0,,,10.0,3.0,3.0,2.0,,3.0,,,,,4.0,9.0,10.0,8.0,3.0,2.0,2.0,10.0,5.0,9,10.0,10,1
2005-02-22,85943,,11,2,6036.0,26842310,EFC,E F C BANCORP INC,EFC,522120.0,A,A,R,34719,2,6036.0,26842310.0,,,60.0,603.0,,,,,,,26.26,-0.025241,4698.0,1.0,26.6,123369.48,EFC,10.0,,,,,1,10.0,1.0,7.0,,,,,7.0,8.0,5.0,,,,,,10.0,3.0,5.0,3.0,,8.0,,6.0,5.0,,,10.0,3.0,3.0,2.0,,3.0,,,,,4.0,9.0,10.0,8.0,3.0,2.0,2.0,10.0,5.0,9,10.0,10,1
2005-02-23,85943,,11,2,6036.0,26842310,EFC,E F C BANCORP INC,EFC,522120.0,A,A,R,34719,2,6036.0,26842310.0,,,60.0,603.0,,,,,,,26.2,-0.002285,4698.0,1.0,26.4,123087.6,EFC,10.0,,,,,1,10.0,1.0,7.0,,,,,7.0,8.0,5.0,,,,,,10.0,3.0,5.0,3.0,,8.0,,6.0,5.0,,,10.0,3.0,3.0,2.0,,3.0,,,,,4.0,9.0,10.0,8.0,3.0,2.0,2.0,10.0,5.0,9,10.0,10,1
2005-02-24,85943,,11,2,6036.0,26842310,EFC,E F C BANCORP INC,EFC,522120.0,A,A,R,34719,2,6036.0,26842310.0,,,60.0,603.0,,,,,,,26.59,0.014885,4698.0,1.0,26.1,124919.82,EFC,10.0,,,,,1,10.0,1.0,7.0,,,,,7.0,8.0,5.0,,,,,,10.0,3.0,5.0,3.0,,8.0,,6.0,5.0,,,10.0,3.0,3.0,2.0,,3.0,,,,,4.0,9.0,10.0,8.0,3.0,2.0,2.0,10.0,5.0,9,10.0,10,1
2005-02-25,85943,,11,2,6036.0,26842310,EFC,E F C BANCORP INC,EFC,522120.0,A,A,R,34719,2,6036.0,26842310.0,,,60.0,603.0,,,,,,,26.42,-0.006393,4698.0,1.0,26.49,124121.16,EFC,10.0,,,,,1,10.0,1.0,7.0,,,,,7.0,8.0,5.0,,,,,,10.0,3.0,5.0,3.0,,8.0,,6.0,5.0,,,10.0,3.0,3.0,2.0,,3.0,,,,,4.0,9.0,10.0,8.0,3.0,2.0,2.0,10.0,5.0,9,10.0,10,1
2005-02-28,85943,,11,2,6036.0,26842310,EFC,E F C BANCORP INC,EFC,522120.0,A,A,R,34719,2,6036.0,26842310.0,,,60.0,603.0,,,,,,,26.27,-0.005678,4745.0,1.0,26.25,124651.15,EFC,10.0,,,,,1,10.0,1.0,7.0,,,,,7.0,8.0,5.0,,,,,,10.0,3.0,5.0,3.0,,8.0,,6.0,5.0,,,10.0,3.0,3.0,2.0,,3.0,,,,,4.0,9.0,10.0,8.0,3.0,2.0,2.0,10.0,5.0,9,10.0,10,1
2005-03-01,85943,,11,2,6036.0,26842310,EFC,E F C BANCORP INC,EFC,522120.0,A,A,R,34719,2,6036.0,26842310.0,,,60.0,603.0,,,,,,,26.27,0.0,4745.0,1.0,26.24,124651.15,EFC,10.0,,,,,1,10.0,1.0,7.0,,,,,7.0,8.0,5.0,,,,,,10.0,3.0,5.0,3.0,,8.0,,3.0,2.0,,,10.0,4.0,3.0,2.0,,3.0,,4.0,7.0,2.0,7.0,9.0,10.0,2.0,4.0,4.0,2.0,5.0,5.0,9,10.0,10,1
2005-03-02,85943,,11,2,6036.0,26842310,EFC,E F C BANCORP INC,EFC,522120.0,A,A,R,34719,2,6036.0,26842310.0,,,60.0,603.0,,,,,,,-26.22,-0.001903,4745.0,1.0,,-124413.9,EFC,10.0,,,,,1,10.0,1.0,7.0,,,,,7.0,8.0,5.0,,,,,,10.0,3.0,5.0,3.0,,8.0,,3.0,2.0,,,10.0,4.0,3.0,2.0,,3.0,,4.0,7.0,2.0,7.0,9.0,10.0,2.0,4.0,4.0,2.0,5.0,5.0,9,10.0,10,1
2005-03-03,85943,,11,2,6036.0,26842310,EFC,E F C BANCORP INC,EFC,522120.0,A,A,R,34719,2,6036.0,26842310.0,,,60.0,603.0,,,,,,,26.3,0.003051,4745.0,1.0,26.2,124793.5,EFC,10.0,,,,,1,10.0,1.0,7.0,,,,,7.0,8.0,5.0,,,,,,10.0,3.0,5.0,3.0,,8.0,,3.0,2.0,,,10.0,4.0,3.0,2.0,,3.0,,4.0,7.0,2.0,7.0,9.0,10.0,2.0,4.0,4.0,2.0,5.0,5.0,9,10.0,10,1
2005-03-04,85943,,11,2,6036.0,26842310,EFC,E F C BANCORP INC,EFC,522120.0,A,A,R,34719,2,6036.0,26842310.0,,,60.0,603.0,,,,,,,26.37,0.002662,4745.0,1.0,26.5,125125.65,EFC,10.0,,,,,1,10.0,1.0,7.0,,,,,7.0,8.0,5.0,,,,,,10.0,3.0,5.0,3.0,,8.0,,3.0,2.0,,,10.0,4.0,3.0,2.0,,3.0,,4.0,7.0,2.0,7.0,9.0,10.0,2.0,4.0,4.0,2.0,5.0,5.0,9,10.0,10,1
2005-03-07,85943,,11,2,6036.0,26842310,EFC,E F C BANCORP INC,EFC,522120.0,A,A,R,34719,2,6036.0,26842310.0,,,60.0,603.0,,,,,,,-26.435,0.002465,4745.0,1.0,,-125434.075,EFC,10.0,,,,,1,10.0,1.0,7.0,,,,,7.0,8.0,5.0,,,,,,10.0,3.0,5.0,3.0,,8.0,,3.0,2.0,,,10.0,4.0,3.0,2.0,,3.0,,4.0,7.0,2.0,7.0,9.0,10.0,2.0,4.0,4.0,2.0,5.0,5.0,9,10.0,10,1
2005-03-08,85943,,11,2,6036.0,26842310,EFC,E F C BANCORP INC,EFC,522120.0,A,A,R,34719,2,6036.0,26842310.0,,,60.0,603.0,,,,,,,26.57,0.005107,4745.0,1.0,26.4,126074.65,EFC,10.0,,,,,1,10.0,1.0,7.0,,,,,7.0,8.0,5.0,,,,,,10.0,3.0,5.0,3.0,,8.0,,3.0,2.0,,,10.0,4.0,3.0,2.0,,3.0,,4.0,7.0,2.0,7.0,9.0,10.0,2.0,4.0,4.0,2.0,5.0,5.0,9,10.0,10,1
2005-03-09,85943,,11,2,6036.0,26842310,EFC,E F C BANCORP INC,EFC,522120.0,A,A,R,34719,2,6036.0,26842310.0,,,60.0,603.0,,,,,,,26.4,-0.006398,4745.0,1.0,26.56,125268.0,EFC,10.0,,,,,1,10.0,1.0,7.0,,,,,7.0,8.0,5.0,,,,,,10.0,3.0,5.0,3.0,,8.0,,3.0,2.0,,,10.0,4.0,3.0,2.0,,3.0,,4.0,7.0,2.0,7.0,9.0,10.0,2.0,4.0,4.0,2.0,5.0,5.0,9,10.0,10,1
2005-03-10,85943,,11,2,6036.0,26842310,EFC,E F C BANCORP INC,EFC,522120.0,A,A,R,34719,2,6036.0,26842310.0,,,60.0,603.0,,,,,,,26.5,0.003788,4745.0,1.0,26.4,125742.5,EFC,10.0,,,,,1,10.0,1.0,7.0,,,,,7.0,8.0,5.0,,,,,,10.0,3.0,5.0,3.0,,8.0,,3.0,2.0,,,10.0,4.0,3.0,2.0,,3.0,,4.0,7.0,2.0,7.0,9.0,10.0,2.0,4.0,4.0,2.0,5.0,5.0,9,10.0,10,1
2005-03-11,85943,,11,2,6036.0,26842310,EFC,E F C BANCORP INC,EFC,522120.0,A,A,R,34719,2,6036.0,26842310.0,,,60.0,603.0,,,,,,,26.28,-0.008302,4745.0,1.0,26.37,124698.6,EFC,10.0,,,,,1,10.0,1.0,7.0,,,,,7.0,8.0,5.0,,,,,,10.0,3.0,5.0,3.0,,8.0,,3.0,2.0,,,10.0,4.0,3.0,2.0,,3.0,,4.0,7.0,2.0,7.0,9.0,10.0,2.0,4.0,4.0,2.0,5.0,5.0,9,10.0,10,1
2005-03-14,85943,,11,2,6036.0,26842310,EFC,E F C BANCORP INC,EFC,522120.0,A,A,R,34719,2,6036.0,26842310.0,,,60.0,603.0,,,,,,,26.25,-0.001142,4745.0,1.0,26.25,124556.25,EFC,10.0,,,,,1,10.0,1.0,7.0,,,,,7.0,8.0,5.0,,,,,,10.0,3.0,5.0,3.0,,8.0,,3.0,2.0,,,10.0,4.0,3.0,2.0,,3.0,,4.0,7.0,2.0,7.0,9.0,10.0,2.0,4.0,4.0,2.0,5.0,5.0,9,10.0,10,1
2005-03-15,85943,,11,2,6036.0,26842310,EFC,E F C BANCORP INC,EFC,522120.0,A,A,R,34719,2,6036.0,26842310.0,,,60.0,603.0,,,,,,,26.44,0.007238,4745.0,1.0,26.45,125457.8,EFC,10.0,,,,,1,10.0,1.0,7.0,,,,,7.0,8.0,5.0,,,,,,10.0,3.0,5.0,3.0,,8.0,,3.0,2.0,,,10.0,4.0,3.0,2.0,,3.0,,4.0,7.0,2.0,7.0,9.0,10.0,2.0,4.0,4.0,2.0,5.0,5.0,9,10.0,10,1
2005-03-16,85943,,11,2,6036.0,26842310,EFC,E F C BANCORP INC,EFC,522120.0,A,A,R,34719,2,6036.0,26842310.0,,,60.0,603.0,,,,,,,26.21,-0.008699,4745.0,1.0,26.25,124366.45,EFC,10.0,,,,,1,10.0,1.0,7.0,,,,,7.0,8.0,5.0,,,,,,10.0,3.0,5.0,3.0,,8.0,,3.0,2.0,,,10.0,4.0,3.0,2.0,,3.0,,4.0,7.0,2.0,7.0,9.0,10.0,2.0,4.0,4.0,2.0,5.0,5.0,9,10.0,10,1
2005-03-17,85943,,11,2,6036.0,26842310,EFC,E F C BANCORP INC,EFC,522120.0,A,A,R,34719,2,6036.0,26842310.0,,,60.0,603.0,,,,,,,26.17,-0.001526,4745.0,1.0,26.28,124176.65,EFC,10.0,,,,,1,10.0,1.0,7.0,,,,,7.0,8.0,5.0,,,,,,10.0,3.0,5.0,3.0,,8.0,,3.0,2.0,,,10.0,4.0,3.0,2.0,,3.0,,4.0,7.0,2.0,7.0,9.0,10.0,2.0,4.0,4.0,2.0,5.0,5.0,9,10.0,10,1
2005-03-18,85943,,11,2,6036.0,26842310,EFC,E F C BANCORP INC,EFC,522120.0,A,A,R,34719,2,6036.0,26842310.0,,,60.0,603.0,,,,,,,26.28,0.004203,4745.0,1.0,26.25,124698.6,EFC,10.0,,,,,1,10.0,1.0,7.0,,,,,7.0,8.0,5.0,,,,,,10.0,3.0,5.0,3.0,,8.0,,3.0,2.0,,,10.0,4.0,3.0,2.0,,3.0,,4.0,7.0,2.0,7.0,9.0,10.0,2.0,4.0,4.0,2.0,5.0,5.0,9,10.0,10,1
2005-03-21,85943,,11,2,6036.0,26842310,EFC,E F C BANCORP INC,EFC,522120.0,A,A,R,34719,2,6036.0,26842310.0,,,60.0,603.0,,,,,,,26.28,0.0,4745.0,1.0,26.28,124698.6,EFC,10.0,,,,,1,10.0,1.0,7.0,,,,,7.0,8.0,5.0,,,,,,10.0,3.0,5.0,3.0,,8.0,,3.0,2.0,,,10.0,4.0,3.0,2.0,,3.0,,4.0,7.0,2.0,7.0,9.0,10.0,2.0,4.0,4.0,2.0,5.0,5.0,9,10.0,10,1
2005-03-22,85943,,11,2,6036.0,26842310,EFC,E F C BANCORP INC,EFC,522120.0,A,A,R,34719,2,6036.0,26842310.0,,,60.0,603.0,,,,,,,26.15,-0.004947,4745.0,1.0,26.28,124081.75,EFC,10.0,,,,,1,10.0,1.0,7.0,,,,,7.0,8.0,5.0,,,,,,10.0,3.0,5.0,3.0,,8.0,,3.0,2.0,,,10.0,4.0,3.0,2.0,,3.0,,4.0,7.0,2.0,7.0,9.0,10.0,2.0,4.0,4.0,2.0,5.0,5.0,9,10.0,10,1
2005-03-23,85943,,11,2,6036.0,26842310,EFC,E F C BANCORP INC,EFC,522120.0,A,A,R,34719,2,6036.0,26842310.0,,,60.0,603.0,,,,,,,25.9,-0.00956,4745.0,1.0,26.25,122895.5,EFC,10.0,,,,,1,10.0,1.0,7.0,,,,,7.0,8.0,5.0,,,,,,10.0,3.0,5.0,3.0,,8.0,,3.0,2.0,,,10.0,4.0,3.0,2.0,,3.0,,4.0,7.0,2.0,7.0,9.0,10.0,2.0,4.0,4.0,2.0,5.0,5.0,9,10.0,10,1
2005-03-24,85943,,11,2,6036.0,26842310,EFC,E F C BANCORP INC,EFC,522120.0,A,A,R,34719,2,6036.0,26842310.0,,,60.0,603.0,,,,,,,25.87,-0.001158,4745.0,1.0,25.92,122753.15,EFC,10.0,,,,,1,10.0,1.0,7.0,,,,,7.0,8.0,5.0,,,,,,10.0,3.0,5.0,3.0,,8.0,,3.0,2.0,,,10.0,4.0,3.0,2.0,,3.0,,4.0,7.0,2.0,7.0,9.0,10.0,2.0,4.0,4.0,2.0,5.0,5.0,9,10.0,10,1
2005-03-28,85943,,11,2,6036.0,26842310,EFC,E F C BANCORP INC,EFC,522120.0,A,A,R,34719,2,6036.0,26842310.0,,,60.0,603.0,,,,,,,25.93,0.002319,4745.0,1.0,25.8,123037.85,EFC,10.0,,,,,1,10.0,1.0,7.0,,,,,7.0,8.0,5.0,,,,,,10.0,3.0,5.0,3.0,,8.0,,3.0,2.0,,,10.0,4.0,3.0,2.0,,3.0,,4.0,7.0,2.0,7.0,9.0,10.0,2.0,4.0,4.0,2.0,5.0,5.0,9,10.0,10,1
2005-03-29,85943,,11,2,6036.0,26842310,EFC,E F C BANCORP INC,EFC,522120.0,A,A,R,34719,2,6036.0,26842310.0,,,60.0,603.0,1232.0,0.1625,0.0,,,,25.5,-0.010316,4745.0,1.0,25.76,120997.5,EFC,10.0,,,,,1,10.0,1.0,7.0,,,,,7.0,8.0,5.0,,,,,,10.0,3.0,5.0,3.0,,8.0,,3.0,2.0,,,10.0,4.0,3.0,2.0,,3.0,,4.0,7.0,2.0,7.0,9.0,10.0,2.0,4.0,4.0,2.0,5.0,5.0,9,10.0,10,1
2005-03-30,85943,,11,2,6036.0,26842310,EFC,E F C BANCORP INC,EFC,522120.0,A,A,R,34719,2,6036.0,26842310.0,,,60.0,603.0,,,,,,,25.5,0.0,4745.0,1.0,25.5,120997.5,EFC,10.0,,,,,1,10.0,1.0,7.0,,,,,7.0,8.0,5.0,,,,,,10.0,3.0,5.0,3.0,,8.0,,3.0,2.0,,,10.0,4.0,3.0,2.0,,3.0,,4.0,7.0,2.0,7.0,9.0,10.0,2.0,4.0,4.0,2.0,5.0,5.0,9,10.0,10,1
2005-03-31,85943,,11,2,6036.0,26842310,EFC,E F C BANCORP INC,EFC,522120.0,A,A,R,34719,2,6036.0,26842310.0,,,60.0,603.0,,,,,,,25.55,0.001961,4760.0,1.0,25.5,121618.0,EFC,10.0,,,,,1,10.0,1.0,7.0,,,,,7.0,8.0,5.0,,,,,,10.0,3.0,5.0,3.0,,8.0,,3.0,2.0,,,10.0,4.0,3.0,2.0,,3.0,,4.0,7.0,2.0,7.0,9.0,10.0,2.0,4.0,4.0,2.0,5.0,5.0,9,10.0,10,1
2005-04-01,85943,,11,2,6036.0,26842310,EFC,E F C BANCORP INC,EFC,522120.0,A,A,R,34719,2,6036.0,26842310.0,,,60.0,603.0,,,,,,,-25.525,-0.000978,4760.0,1.0,,-121499.0,EFC,10.0,,,,,1,10.0,1.0,7.0,,,,,7.0,8.0,5.0,,,,,,10.0,3.0,5.0,3.0,,8.0,,3.0,2.0,,,10.0,3.0,3.0,1.0,,3.0,,4.0,7.0,2.0,6.0,9.0,10.0,7.0,5.0,5.0,3.0,10.0,5.0,9,10.0,10,1
2005-04-04,85943,,11,2,6036.0,26842310,EFC,E F C BANCORP INC,EFC,522120.0,A,A,R,34719,2,6036.0,26842310.0,,,60.0,603.0,,,,,,,25.35,-0.006856,4760.0,1.0,25.5,120666.0,EFC,10.0,,,,,1,10.0,1.0,7.0,,,,,7.0,8.0,5.0,,,,,,10.0,3.0,5.0,3.0,,8.0,,3.0,2.0,,,10.0,3.0,3.0,1.0,,3.0,,4.0,7.0,2.0,6.0,9.0,10.0,7.0,5.0,5.0,3.0,10.0,5.0,9,10.0,10,1
2005-04-05,85943,,11,2,6036.0,26842310,EFC,E F C BANCORP INC,EFC,522120.0,A,A,R,34719,2,6036.0,26842310.0,,,60.0,603.0,,,,,,,25.33,-0.000789,4760.0,1.0,25.33,120570.8,EFC,10.0,,,,,1,10.0,1.0,7.0,,,,,7.0,8.0,5.0,,,,,,10.0,3.0,5.0,3.0,,8.0,,3.0,2.0,,,10.0,3.0,3.0,1.0,,3.0,,4.0,7.0,2.0,6.0,9.0,10.0,7.0,5.0,5.0,3.0,10.0,5.0,9,10.0,10,1
2005-04-06,85943,,11,2,6036.0,26842310,EFC,E F C BANCORP INC,EFC,522120.0,A,A,R,34719,2,6036.0,26842310.0,,,60.0,603.0,,,,,,,25.28,-0.001974,4760.0,1.0,25.15,120332.8,EFC,10.0,,,,,1,10.0,1.0,7.0,,,,,7.0,8.0,5.0,,,,,,10.0,3.0,5.0,3.0,,8.0,,3.0,2.0,,,10.0,3.0,3.0,1.0,,3.0,,4.0,7.0,2.0,6.0,9.0,10.0,7.0,5.0,5.0,3.0,10.0,5.0,9,10.0,10,1
2005-04-07,85943,,11,2,6036.0,26842310,EFC,E F C BANCORP INC,EFC,522120.0,A,A,R,34719,2,6036.0,26842310.0,,,60.0,603.0,,,,,,,25.69,0.016218,4760.0,1.0,25.5,122284.4,EFC,10.0,,,,,1,10.0,1.0,7.0,,,,,7.0,8.0,5.0,,,,,,10.0,3.0,5.0,3.0,,8.0,,3.0,2.0,,,10.0,3.0,3.0,1.0,,3.0,,4.0,7.0,2.0,6.0,9.0,10.0,7.0,5.0,5.0,3.0,10.0,5.0,9,10.0,10,1
2005-04-08,85943,,11,2,6036.0,26842310,EFC,E F C BANCORP INC,EFC,522120.0,A,A,R,34719,2,6036.0,26842310.0,,,60.0,603.0,,,,,,,-25.915,0.008758,4760.0,1.0,,-123355.4,EFC,10.0,,,,,1,10.0,1.0,7.0,,,,,7.0,8.0,5.0,,,,,,10.0,3.0,5.0,3.0,,8.0,,3.0,2.0,,,10.0,3.0,3.0,1.0,,3.0,,4.0,7.0,2.0,6.0,9.0,10.0,7.0,5.0,5.0,3.0,10.0,5.0,9,10.0,10,1
2005-04-11,85943,,11,2,6036.0,26842310,EFC,E F C BANCORP INC,EFC,522120.0,A,A,R,34719,2,6036.0,26842310.0,,,60.0,603.0,,,,,,,25.6,-0.012155,4760.0,1.0,25.6,121856.0,EFC,10.0,,,,,1,10.0,1.0,7.0,,,,,7.0,8.0,5.0,,,,,,10.0,3.0,5.0,3.0,,8.0,,3.0,2.0,,,10.0,3.0,3.0,1.0,,3.0,,4.0,7.0,2.0,6.0,9.0,10.0,7.0,5.0,5.0,3.0,10.0,5.0,9,10.0,10,1
2005-04-12,85943,,11,2,6036.0,26842310,EFC,E F C BANCORP INC,EFC,522120.0,A,A,R,34719,2,6036.0,26842310.0,,,60.0,603.0,,,,,,,25.7,0.003906,4760.0,1.0,25.6,122332.0,EFC,10.0,,,,,1,10.0,1.0,7.0,,,,,7.0,8.0,5.0,,,,,,10.0,3.0,5.0,3.0,,8.0,,3.0,2.0,,,10.0,3.0,3.0,1.0,,3.0,,4.0,7.0,2.0,6.0,9.0,10.0,7.0,5.0,5.0,3.0,10.0,5.0,9,10.0,10,1
2005-04-13,85943,,11,2,6036.0,26842310,EFC,E F C BANCORP INC,EFC,522120.0,A,A,R,34719,2,6036.0,26842310.0,,,60.0,603.0,,,,,,,25.75,0.001945,4760.0,1.0,25.7,122570.0,EFC,10.0,,,,,1,10.0,1.0,7.0,,,,,7.0,8.0,5.0,,,,,,10.0,3.0,5.0,3.0,,8.0,,3.0,2.0,,,10.0,3.0,3.0,1.0,,3.0,,4.0,7.0,2.0,6.0,9.0,10.0,7.0,5.0,5.0,3.0,10.0,5.0,9,10.0,10,1
2005-04-14,85943,,11,2,6036.0,26842310,EFC,E F C BANCORP INC,EFC,522120.0,A,A,R,34719,2,6036.0,26842310.0,,,60.0,603.0,,,,,,,25.75,0.0,4760.0,1.0,25.6,122570.0,EFC,10.0,,,,,1,10.0,1.0,7.0,,,,,7.0,8.0,5.0,,,,,,10.0,3.0,5.0,3.0,,8.0,,3.0,2.0,,,10.0,3.0,3.0,1.0,,3.0,,4.0,7.0,2.0,6.0,9.0,10.0,7.0,5.0,5.0,3.0,10.0,5.0,9,10.0,10,1
2005-04-15,85943,,11,2,6036.0,26842310,EFC,E F C BANCORP INC,EFC,522120.0,A,A,R,34719,2,6036.0,26842310.0,,,60.0,603.0,,,,,,,25.65,-0.003884,4760.0,1.0,25.65,122094.0,EFC,10.0,,,,,1,10.0,1.0,7.0,,,,,7.0,8.0,5.0,,,,,,10.0,3.0,5.0,3.0,,8.0,,3.0,2.0,,,10.0,3.0,3.0,1.0,,3.0,,4.0,7.0,2.0,6.0,9.0,10.0,7.0,5.0,5.0,3.0,10.0,5.0,9,10.0,10,1
2005-04-18,85943,,11,2,6036.0,26842310,EFC,E F C BANCORP INC,EFC,522120.0,A,A,R,34719,2,6036.0,26842310.0,,,60.0,603.0,,,,,,,25.85,0.007797,4760.0,1.0,25.75,123046.0,EFC,10.0,,,,,1,10.0,1.0,7.0,,,,,7.0,8.0,5.0,,,,,,10.0,3.0,5.0,3.0,,8.0,,3.0,2.0,,,10.0,3.0,3.0,1.0,,3.0,,4.0,7.0,2.0,6.0,9.0,10.0,7.0,5.0,5.0,3.0,10.0,5.0,9,10.0,10,1
2005-04-19,85943,,11,2,6036.0,26842310,EFC,E F C BANCORP INC,EFC,522120.0,A,A,R,34719,2,6036.0,26842310.0,,,60.0,603.0,,,,,,,-25.725,-0.004836,4760.0,1.0,,-122451.0,EFC,10.0,,,,,1,10.0,1.0,7.0,,,,,7.0,8.0,5.0,,,,,,10.0,3.0,5.0,3.0,,8.0,,3.0,2.0,,,10.0,3.0,3.0,1.0,,3.0,,4.0,7.0,2.0,6.0,9.0,10.0,7.0,5.0,5.0,3.0,10.0,5.0,9,10.0,10,1
2005-04-20,85943,,11,2,6036.0,26842310,EFC,E F C BANCORP INC,EFC,522120.0,A,A,R,34719,2,6036.0,26842310.0,,,60.0,603.0,,,,,,,25.98,0.009913,4760.0,1.0,25.98,123664.8,EFC,10.0,,,,,1,10.0,1.0,7.0,,,,,7.0,8.0,5.0,,,,,,10.0,3.0,5.0,3.0,,8.0,,3.0,2.0,,,10.0,3.0,3.0,1.0,,3.0,,4.0,7.0,2.0,6.0,9.0,10.0,7.0,5.0,5.0,3.0,10.0,5.0,9,10.0,10,1
2005-04-21,85943,,11,2,6036.0,26842310,EFC,E F C BANCORP INC,EFC,522120.0,A,A,R,34719,2,6036.0,26842310.0,,,60.0,603.0,,,,,,,25.85,-0.005004,4760.0,1.0,25.85,123046.0,EFC,10.0,,,,,1,10.0,1.0,7.0,,,,,7.0,8.0,5.0,,,,,,10.0,3.0,5.0,3.0,,8.0,,3.0,2.0,,,10.0,3.0,3.0,1.0,,3.0,,4.0,7.0,2.0,6.0,9.0,10.0,7.0,5.0,5.0,3.0,10.0,5.0,9,10.0,10,1
2005-04-22,85943,,11,2,6036.0,26842310,EFC,E F C BANCORP INC,EFC,522120.0,A,A,R,34719,2,6036.0,26842310.0,,,60.0,603.0,,,,,,,25.21,-0.024758,4760.0,1.0,25.62,119999.6,EFC,10.0,,,,,1,10.0,1.0,7.0,,,,,7.0,8.0,5.0,,,,,,10.0,3.0,5.0,3.0,,8.0,,3.0,2.0,,,10.0,3.0,3.0,1.0,,3.0,,4.0,7.0,2.0,6.0,9.0,10.0,7.0,5.0,5.0,3.0,10.0,5.0,9,10.0,10,1
2005-04-25,85943,,11,2,6036.0,26842310,EFC,E F C BANCORP INC,EFC,522120.0,A,A,R,34719,2,6036.0,26842310.0,,,60.0,603.0,,,,,,,25.21,0.0,4760.0,1.0,25.21,119999.6,EFC,10.0,,,,,1,10.0,1.0,7.0,,,,,7.0,8.0,5.0,,,,,,10.0,3.0,5.0,3.0,,8.0,,3.0,2.0,,,10.0,3.0,3.0,1.0,,3.0,,4.0,7.0,2.0,6.0,9.0,10.0,7.0,5.0,5.0,3.0,10.0,5.0,9,10.0,10,1
2005-04-26,85943,,11,2,6036.0,26842310,EFC,E F C BANCORP INC,EFC,522120.0,A,A,R,34719,2,6036.0,26842310.0,,,60.0,603.0,,,,,,,-25.125,-0.003372,4760.0,1.0,,-119595.0,EFC,10.0,,,,,1,10.0,1.0,7.0,,,,,7.0,8.0,5.0,,,,,,10.0,3.0,5.0,3.0,,8.0,,3.0,2.0,,,10.0,3.0,3.0,1.0,,3.0,,4.0,7.0,2.0,6.0,9.0,10.0,7.0,5.0,5.0,3.0,10.0,5.0,9,10.0,10,1
2005-04-27,85943,,11,2,6036.0,26842310,EFC,E F C BANCORP INC,EFC,522120.0,A,A,R,34719,2,6036.0,26842310.0,,,60.0,603.0,,,,,,,25.15,0.000995,4760.0,1.0,25.11,119714.0,EFC,10.0,,,,,1,10.0,1.0,7.0,,,,,7.0,8.0,5.0,,,,,,10.0,3.0,5.0,3.0,,8.0,,3.0,2.0,,,10.0,3.0,3.0,1.0,,3.0,,4.0,7.0,2.0,6.0,9.0,10.0,7.0,5.0,5.0,3.0,10.0,5.0,9,10.0,10,1
2005-04-28,85943,,11,2,6036.0,26842310,EFC,E F C BANCORP INC,EFC,522120.0,A,A,R,34719,2,6036.0,26842310.0,,,60.0,603.0,,,,,,,25.3,0.005964,4760.0,1.0,25.3,120428.0,EFC,10.0,,,,,1,10.0,1.0,7.0,,,,,7.0,8.0,5.0,,,,,,10.0,3.0,5.0,3.0,,8.0,,3.0,2.0,,,10.0,3.0,3.0,1.0,,3.0,,4.0,7.0,2.0,6.0,9.0,10.0,7.0,5.0,5.0,3.0,10.0,5.0,9,10.0,10,1
2005-04-29,85943,,11,2,6036.0,26842310,EFC,E F C BANCORP INC,EFC,522120.0,A,A,R,34719,2,6036.0,26842310.0,,,60.0,603.0,,,,,,,-25.315,0.000593,4760.0,1.0,,-120499.4,EFC,10.0,,,,,1,10.0,1.0,7.0,,,,,7.0,8.0,5.0,,,,,,10.0,3.0,5.0,3.0,,8.0,,3.0,2.0,,,10.0,3.0,3.0,1.0,,3.0,,4.0,7.0,2.0,6.0,9.0,10.0,7.0,5.0,5.0,3.0,10.0,5.0,9,10.0,10,1
2005-05-02,85943,,11,2,6036.0,26842310,EFC,E F C BANCORP INC,EFC,522120.0,A,A,R,34719,2,6036.0,26842310.0,,,60.0,603.0,,,,,,,-25.13,-0.007308,4760.0,1.0,,-119618.8,EFC,10.0,,,,,1,10.0,1.0,7.0,,,,,7.0,8.0,5.0,,,,,,10.0,3.0,5.0,3.0,,8.0,,3.0,3.0,,,10.0,3.0,3.0,1.0,,3.0,,2.0,5.0,,4.0,10.0,10.0,3.0,6.0,7.0,4.0,9.0,5.0,9,10.0,10,1
2005-05-03,85943,,11,2,6036.0,26842310,EFC,E F C BANCORP INC,EFC,522120.0,A,A,R,34719,2,6036.0,26842310.0,,,60.0,603.0,,,,,,,25.2,0.002786,4760.0,1.0,25.15,119952.0,EFC,10.0,,,,,1,10.0,1.0,7.0,,,,,7.0,8.0,5.0,,,,,,10.0,3.0,5.0,3.0,,8.0,,3.0,3.0,,,10.0,3.0,3.0,1.0,,3.0,,2.0,5.0,,4.0,10.0,10.0,3.0,6.0,7.0,4.0,9.0,5.0,9,10.0,10,1
2005-05-04,85943,,11,2,6036.0,26842310,EFC,E F C BANCORP INC,EFC,522120.0,A,A,R,34719,2,6036.0,26842310.0,,,60.0,603.0,,,,,,,25.2,0.0,4760.0,1.0,25.35,119952.0,EFC,10.0,,,,,1,10.0,1.0,7.0,,,,,7.0,8.0,5.0,,,,,,10.0,3.0,5.0,3.0,,8.0,,3.0,3.0,,,10.0,3.0,3.0,1.0,,3.0,,2.0,5.0,,4.0,10.0,10.0,3.0,6.0,7.0,4.0,9.0,5.0,9,10.0,10,1
2005-05-05,85943,,11,2,6036.0,26842310,EFC,E F C BANCORP INC,EFC,522120.0,A,A,R,34719,2,6036.0,26842310.0,,,60.0,603.0,,,,,,,25.1,-0.003968,4760.0,1.0,25.1,119476.0,EFC,10.0,,,,,1,10.0,1.0,7.0,,,,,7.0,8.0,5.0,,,,,,10.0,3.0,5.0,3.0,,8.0,,3.0,3.0,,,10.0,3.0,3.0,1.0,,3.0,,2.0,5.0,,4.0,10.0,10.0,3.0,6.0,7.0,4.0,9.0,5.0,9,10.0,10,1
2005-05-06,85943,,11,2,6036.0,26842310,EFC,E F C BANCORP INC,EFC,522120.0,A,A,R,34719,2,6036.0,26842310.0,,,60.0,603.0,,,,,,,-25.11,0.000398,4760.0,1.0,,-119523.6,EFC,10.0,,,,,1,10.0,1.0,7.0,,,,,7.0,8.0,5.0,,,,,,10.0,3.0,5.0,3.0,,8.0,,3.0,3.0,,,10.0,3.0,3.0,1.0,,3.0,,2.0,5.0,,4.0,10.0,10.0,3.0,6.0,7.0,4.0,9.0,5.0,9,10.0,10,1
2005-05-09,85943,,11,2,6036.0,26842310,EFC,E F C BANCORP INC,EFC,522120.0,A,A,R,34719,2,6036.0,26842310.0,,,60.0,603.0,,,,,,,25.0,-0.004381,4760.0,1.0,25.0,119000.0,EFC,10.0,,,,,1,10.0,1.0,7.0,,,,,7.0,8.0,5.0,,,,,,10.0,3.0,5.0,3.0,,8.0,,3.0,3.0,,,10.0,3.0,3.0,1.0,,3.0,,2.0,5.0,,4.0,10.0,10.0,3.0,6.0,7.0,4.0,9.0,5.0,9,10.0,10,1
2005-05-10,85943,,11,2,6036.0,26842310,EFC,E F C BANCORP INC,EFC,522120.0,A,A,R,34719,2,6036.0,26842310.0,,,60.0,603.0,,,,,,,24.6,-0.016,4760.0,1.0,24.9,117096.0,EFC,10.0,,,,,1,10.0,1.0,7.0,,,,,7.0,8.0,5.0,,,,,,10.0,3.0,5.0,3.0,,8.0,,3.0,3.0,,,10.0,3.0,3.0,1.0,,3.0,,2.0,5.0,,4.0,10.0,10.0,3.0,6.0,7.0,4.0,9.0,5.0,9,10.0,10,1
2005-05-11,85943,,11,2,6036.0,26842310,EFC,E F C BANCORP INC,EFC,522120.0,A,A,R,34719,2,6036.0,26842310.0,,,60.0,603.0,,,,,,,25.2,0.02439,4760.0,1.0,24.85,119952.0,EFC,10.0,,,,,1,10.0,1.0,7.0,,,,,7.0,8.0,5.0,,,,,,10.0,3.0,5.0,3.0,,8.0,,3.0,3.0,,,10.0,3.0,3.0,1.0,,3.0,,2.0,5.0,,4.0,10.0,10.0,3.0,6.0,7.0,4.0,9.0,5.0,9,10.0,10,1
2005-05-12,85943,,11,2,6036.0,26842310,EFC,E F C BANCORP INC,EFC,522120.0,A,A,R,34719,2,6036.0,26842310.0,,,60.0,603.0,,,,,,,25.15,-0.001984,4760.0,1.0,25.05,119714.0,EFC,10.0,,,,,1,10.0,1.0,7.0,,,,,7.0,8.0,5.0,,,,,,10.0,3.0,5.0,3.0,,8.0,,3.0,3.0,,,10.0,3.0,3.0,1.0,,3.0,,2.0,5.0,,4.0,10.0,10.0,3.0,6.0,7.0,4.0,9.0,5.0,9,10.0,10,1
2005-05-13,85943,,11,2,6036.0,26842310,EFC,E F C BANCORP INC,EFC,522120.0,A,A,R,34719,2,6036.0,26842310.0,,,60.0,603.0,,,,,,,25.25,0.003976,4760.0,1.0,25.25,120190.0,EFC,10.0,,,,,1,10.0,1.0,7.0,,,,,7.0,8.0,5.0,,,,,,10.0,3.0,5.0,3.0,,8.0,,3.0,3.0,,,10.0,3.0,3.0,1.0,,3.0,,2.0,5.0,,4.0,10.0,10.0,3.0,6.0,7.0,4.0,9.0,5.0,9,10.0,10,1
2005-05-16,85943,,11,2,6036.0,26842310,EFC,E F C BANCORP INC,EFC,522120.0,A,A,R,34719,2,6036.0,26842310.0,,,60.0,603.0,,,,,,,25.19,-0.002376,4760.0,1.0,25.4,119904.4,EFC,10.0,,,,,1,10.0,1.0,7.0,,,,,7.0,8.0,5.0,,,,,,10.0,3.0,5.0,3.0,,8.0,,3.0,3.0,,,10.0,3.0,3.0,1.0,,3.0,,2.0,5.0,,4.0,10.0,10.0,3.0,6.0,7.0,4.0,9.0,5.0,9,10.0,10,1
2005-05-17,85943,,11,2,6036.0,26842310,EFC,E F C BANCORP INC,EFC,522120.0,A,A,R,34719,2,6036.0,26842310.0,,,60.0,603.0,,,,,,,-25.205,0.000595,4760.0,1.0,,-119975.8,EFC,10.0,,,,,1,10.0,1.0,7.0,,,,,7.0,8.0,5.0,,,,,,10.0,3.0,5.0,3.0,,8.0,,3.0,3.0,,,10.0,3.0,3.0,1.0,,3.0,,2.0,5.0,,4.0,10.0,10.0,3.0,6.0,7.0,4.0,9.0,5.0,9,10.0,10,1
2005-05-18,85943,,11,2,6036.0,26842310,EFC,E F C BANCORP INC,EFC,522120.0,A,A,R,34719,2,6036.0,26842310.0,,,60.0,603.0,,,,,,,25.0,-0.008133,4760.0,1.0,25.04,119000.0,EFC,10.0,,,,,1,10.0,1.0,7.0,,,,,7.0,8.0,5.0,,,,,,10.0,3.0,5.0,3.0,,8.0,,3.0,3.0,,,10.0,3.0,3.0,1.0,,3.0,,2.0,5.0,,4.0,10.0,10.0,3.0,6.0,7.0,4.0,9.0,5.0,9,10.0,10,1
2005-05-19,85943,,11,2,6036.0,26842310,EFC,E F C BANCORP INC,EFC,522120.0,A,A,R,34719,2,6036.0,26842310.0,,,60.0,603.0,,,,,,,25.05,0.002,4760.0,1.0,25.05,119238.0,EFC,10.0,,,,,1,10.0,1.0,7.0,,,,,7.0,8.0,5.0,,,,,,10.0,3.0,5.0,3.0,,8.0,,3.0,3.0,,,10.0,3.0,3.0,1.0,,3.0,,2.0,5.0,,4.0,10.0,10.0,3.0,6.0,7.0,4.0,9.0,5.0,9,10.0,10,1
2005-05-20,85943,,11,2,6036.0,26842310,EFC,E F C BANCORP INC,EFC,522120.0,A,A,R,34719,2,6036.0,26842310.0,,,60.0,603.0,,,,,,,24.91,-0.005589,4760.0,1.0,24.95,118571.6,EFC,10.0,,,,,1,10.0,1.0,7.0,,,,,7.0,8.0,5.0,,,,,,10.0,3.0,5.0,3.0,,8.0,,3.0,3.0,,,10.0,3.0,3.0,1.0,,3.0,,2.0,5.0,,4.0,10.0,10.0,3.0,6.0,7.0,4.0,9.0,5.0,9,10.0,10,1
2005-05-23,85943,,11,2,6036.0,26842310,EFC,E F C BANCORP INC,EFC,522120.0,A,A,R,34719,2,6036.0,26842310.0,,,60.0,603.0,,,,,,,24.9,-0.000401,4760.0,1.0,25.0,118524.0,EFC,10.0,,,,,1,10.0,1.0,7.0,,,,,7.0,8.0,5.0,,,,,,10.0,3.0,5.0,3.0,,8.0,,3.0,3.0,,,10.0,3.0,3.0,1.0,,3.0,,2.0,5.0,,4.0,10.0,10.0,3.0,6.0,7.0,4.0,9.0,5.0,9,10.0,10,1
2005-05-24,85943,,11,2,6036.0,26842310,EFC,E F C BANCORP INC,EFC,522120.0,A,A,R,34719,2,6036.0,26842310.0,,,60.0,603.0,,,,,,,25.3,0.016064,4760.0,1.0,24.95,120428.0,EFC,10.0,,,,,1,10.0,1.0,7.0,,,,,7.0,8.0,5.0,,,,,,10.0,3.0,5.0,3.0,,8.0,,3.0,3.0,,,10.0,3.0,3.0,1.0,,3.0,,2.0,5.0,,4.0,10.0,10.0,3.0,6.0,7.0,4.0,9.0,5.0,9,10.0,10,1
2005-05-25,85943,,11,2,6036.0,26842310,EFC,E F C BANCORP INC,EFC,522120.0,A,A,R,34719,2,6036.0,26842310.0,,,60.0,603.0,,,,,,,25.3,0.0,4760.0,1.0,25.3,120428.0,EFC,10.0,,,,,1,10.0,1.0,7.0,,,,,7.0,8.0,5.0,,,,,,10.0,3.0,5.0,3.0,,8.0,,3.0,3.0,,,10.0,3.0,3.0,1.0,,3.0,,2.0,5.0,,4.0,10.0,10.0,3.0,6.0,7.0,4.0,9.0,5.0,9,10.0,10,1
2005-05-26,85943,,11,2,6036.0,26842310,EFC,E F C BANCORP INC,EFC,522120.0,A,A,R,34719,2,6036.0,26842310.0,,,60.0,603.0,,,,,,,25.9,0.023715,4760.0,1.0,25.4,123284.0,EFC,10.0,,,,,1,10.0,1.0,7.0,,,,,7.0,8.0,5.0,,,,,,10.0,3.0,5.0,3.0,,8.0,,3.0,3.0,,,10.0,3.0,3.0,1.0,,3.0,,2.0,5.0,,4.0,10.0,10.0,3.0,6.0,7.0,4.0,9.0,5.0,9,10.0,10,1
2005-05-27,85943,,11,2,6036.0,26842310,EFC,E F C BANCORP INC,EFC,522120.0,A,A,R,34719,2,6036.0,26842310.0,,,60.0,603.0,,,,,,,26.5,0.023166,4760.0,1.0,26.0,126140.0,EFC,10.0,,,,,1,10.0,1.0,7.0,,,,,7.0,8.0,5.0,,,,,,10.0,3.0,5.0,3.0,,8.0,,3.0,3.0,,,10.0,3.0,3.0,1.0,,3.0,,2.0,5.0,,4.0,10.0,10.0,3.0,6.0,7.0,4.0,9.0,5.0,9,10.0,10,1
2005-05-31,85943,,11,2,6036.0,26842310,EFC,E F C BANCORP INC,EFC,522120.0,A,A,R,34719,2,6036.0,26842310.0,,,60.0,603.0,,,,,,,27.0,0.018868,4789.0,1.0,26.65,129303.0,EFC,10.0,,,,,1,10.0,1.0,7.0,,,,,7.0,8.0,5.0,,,,,,10.0,3.0,5.0,3.0,,8.0,,3.0,3.0,,,10.0,3.0,3.0,1.0,,3.0,,2.0,5.0,,4.0,10.0,10.0,3.0,6.0,7.0,4.0,9.0,5.0,9,10.0,10,1
2005-06-01,85943,,11,2,6036.0,26842310,EFC,E F C BANCORP INC,EFC,522120.0,A,A,R,34719,2,6036.0,26842310.0,,,60.0,603.0,,,,,,,26.65,-0.012963,4789.0,1.0,26.9,127626.85,EFC,10.0,,,,,1,10.0,1.0,7.0,,,,,7.0,8.0,5.0,,,,,,10.0,3.0,5.0,3.0,,8.0,,4.0,3.0,,,10.0,5.0,2.0,2.0,,2.0,,4.0,5.0,2.0,4.0,9.0,10.0,6.0,3.0,2.0,1.0,9.0,5.0,9,10.0,10,1
2005-06-02,85943,,11,2,6036.0,26842310,EFC,E F C BANCORP INC,EFC,522120.0,A,A,R,34719,2,6036.0,26842310.0,,,60.0,603.0,,,,,,,27.1,0.016886,4789.0,1.0,26.65,129781.9,EFC,10.0,,,,,1,10.0,1.0,7.0,,,,,7.0,8.0,5.0,,,,,,10.0,3.0,5.0,3.0,,8.0,,4.0,3.0,,,10.0,5.0,2.0,2.0,,2.0,,4.0,5.0,2.0,4.0,9.0,10.0,6.0,3.0,2.0,1.0,9.0,5.0,9,10.0,10,1
2005-06-03,85943,,11,2,6036.0,26842310,EFC,E F C BANCORP INC,EFC,522120.0,A,A,R,34719,2,6036.0,26842310.0,,,60.0,603.0,,,,,,,27.06,-0.001476,4789.0,1.0,27.15,129590.34,EFC,10.0,,,,,1,10.0,1.0,7.0,,,,,7.0,8.0,5.0,,,,,,10.0,3.0,5.0,3.0,,8.0,,4.0,3.0,,,10.0,5.0,2.0,2.0,,2.0,,4.0,5.0,2.0,4.0,9.0,10.0,6.0,3.0,2.0,1.0,9.0,5.0,9,10.0,10,1
2005-06-06,85943,,11,2,6036.0,26842310,EFC,E F C BANCORP INC,EFC,522120.0,A,A,R,34719,2,6036.0,26842310.0,,,60.0,603.0,,,,,,,27.65,0.021803,4789.0,1.0,27.05,132415.85,EFC,10.0,,,,,1,10.0,1.0,7.0,,,,,7.0,8.0,5.0,,,,,,10.0,3.0,5.0,3.0,,8.0,,4.0,3.0,,,10.0,5.0,2.0,2.0,,2.0,,4.0,5.0,2.0,4.0,9.0,10.0,6.0,3.0,2.0,1.0,9.0,5.0,9,10.0,10,1
2005-06-07,85943,,11,2,6036.0,26842310,EFC,E F C BANCORP INC,EFC,522120.0,A,A,R,34719,2,6036.0,26842310.0,,,60.0,603.0,,,,,,,27.63,-0.000723,4789.0,1.0,27.5,132320.07,EFC,10.0,,,,,1,10.0,1.0,7.0,,,,,7.0,8.0,5.0,,,,,,10.0,3.0,5.0,3.0,,8.0,,4.0,3.0,,,10.0,5.0,2.0,2.0,,2.0,,4.0,5.0,2.0,4.0,9.0,10.0,6.0,3.0,2.0,1.0,9.0,5.0,9,10.0,10,1
2005-06-08,85943,,11,2,6036.0,26842310,EFC,E F C BANCORP INC,EFC,522120.0,A,A,R,34719,2,6036.0,26842310.0,,,60.0,603.0,,,,,,,-27.655,0.000905,4789.0,1.0,,-132439.795,EFC,10.0,,,,,1,10.0,1.0,7.0,,,,,7.0,8.0,5.0,,,,,,10.0,3.0,5.0,3.0,,8.0,,4.0,3.0,,,10.0,5.0,2.0,2.0,,2.0,,4.0,5.0,2.0,4.0,9.0,10.0,6.0,3.0,2.0,1.0,9.0,5.0,9,10.0,10,1
2005-06-09,85943,,11,2,6036.0,26842310,EFC,E F C BANCORP INC,EFC,522120.0,A,A,R,34719,2,6036.0,26842310.0,,,60.0,603.0,,,,,,,27.66,0.000181,4789.0,1.0,27.65,132463.74,EFC,10.0,,,,,1,10.0,1.0,7.0,,,,,7.0,8.0,5.0,,,,,,10.0,3.0,5.0,3.0,,8.0,,4.0,3.0,,,10.0,5.0,2.0,2.0,,2.0,,4.0,5.0,2.0,4.0,9.0,10.0,6.0,3.0,2.0,1.0,9.0,5.0,9,10.0,10,1
2005-06-10,85943,,11,2,6036.0,26842310,EFC,E F C BANCORP INC,EFC,522120.0,A,A,R,34719,2,6036.0,26842310.0,,,60.0,603.0,,,,,,,27.79,0.0047,4789.0,1.0,27.66,133086.31,EFC,10.0,,,,,1,10.0,1.0,7.0,,,,,7.0,8.0,5.0,,,,,,10.0,3.0,5.0,3.0,,8.0,,4.0,3.0,,,10.0,5.0,2.0,2.0,,2.0,,4.0,5.0,2.0,4.0,9.0,10.0,6.0,3.0,2.0,1.0,9.0,5.0,9,10.0,10,1
2005-06-13,85943,,11,2,6036.0,26842310,EFC,E F C BANCORP INC,EFC,522120.0,A,A,R,34719,2,6036.0,26842310.0,,,60.0,603.0,,,,,,,-27.825,0.001259,4789.0,1.0,,-133253.925,EFC,10.0,,,,,1,10.0,1.0,7.0,,,,,7.0,8.0,5.0,,,,,,10.0,3.0,5.0,3.0,,8.0,,4.0,3.0,,,10.0,5.0,2.0,2.0,,2.0,,4.0,5.0,2.0,4.0,9.0,10.0,6.0,3.0,2.0,1.0,9.0,5.0,9,10.0,10,1
2005-06-14,85943,,11,2,6036.0,26842310,EFC,E F C BANCORP INC,EFC,522120.0,A,A,R,34719,2,6036.0,26842310.0,,,60.0,603.0,,,,,,,-27.83,0.00018,4789.0,1.0,,-133277.87,EFC,10.0,,,,,1,10.0,1.0,7.0,,,,,7.0,8.0,5.0,,,,,,10.0,3.0,5.0,3.0,,8.0,,4.0,3.0,,,10.0,5.0,2.0,2.0,,2.0,,4.0,5.0,2.0,4.0,9.0,10.0,6.0,3.0,2.0,1.0,9.0,5.0,9,10.0,10,1
2005-06-15,85943,,11,2,6036.0,26842310,EFC,E F C BANCORP INC,EFC,522120.0,A,A,R,34719,2,6036.0,26842310.0,,,60.0,603.0,,,,,,,28.05,0.007905,4789.0,1.0,27.95,134331.45,EFC,10.0,,,,,1,10.0,1.0,7.0,,,,,7.0,8.0,5.0,,,,,,10.0,3.0,5.0,3.0,,8.0,,4.0,3.0,,,10.0,5.0,2.0,2.0,,2.0,,4.0,5.0,2.0,4.0,9.0,10.0,6.0,3.0,2.0,1.0,9.0,5.0,9,10.0,10,1
2005-06-16,85943,,11,2,6036.0,26842310,EFC,E F C BANCORP INC,EFC,522120.0,A,A,R,34719,2,6036.0,26842310.0,,,60.0,603.0,,,,,,,27.9,-0.005348,4789.0,1.0,27.93,133613.1,EFC,10.0,,,,,1,10.0,1.0,7.0,,,,,7.0,8.0,5.0,,,,,,10.0,3.0,5.0,3.0,,8.0,,4.0,3.0,,,10.0,5.0,2.0,2.0,,2.0,,4.0,5.0,2.0,4.0,9.0,10.0,6.0,3.0,2.0,1.0,9.0,5.0,9,10.0,10,1
2005-06-17,85943,,11,2,6036.0,26842310,EFC,E F C BANCORP INC,EFC,522120.0,A,A,R,34719,2,6036.0,26842310.0,,,60.0,603.0,,,,,,,28.25,0.012545,4789.0,1.0,27.9,135289.25,EFC,10.0,,,,,1,10.0,1.0,7.0,,,,,7.0,8.0,5.0,,,,,,10.0,3.0,5.0,3.0,,8.0,,4.0,3.0,,,10.0,5.0,2.0,2.0,,2.0,,4.0,5.0,2.0,4.0,9.0,10.0,6.0,3.0,2.0,1.0,9.0,5.0,9,10.0,10,1
2005-06-20,85943,,11,2,6036.0,26842310,EFC,E F C BANCORP INC,EFC,522120.0,A,A,R,34719,2,6036.0,26842310.0,,,60.0,603.0,,,,,,,28.55,0.010619,4789.0,1.0,28.3,136725.95,EFC,10.0,,,,,1,10.0,1.0,7.0,,,,,7.0,8.0,5.0,,,,,,10.0,3.0,5.0,3.0,,8.0,,4.0,3.0,,,10.0,5.0,2.0,2.0,,2.0,,4.0,5.0,2.0,4.0,9.0,10.0,6.0,3.0,2.0,1.0,9.0,5.0,9,10.0,10,1
2005-06-21,85943,,11,2,6036.0,26842310,EFC,E F C BANCORP INC,EFC,522120.0,A,A,R,34719,2,6036.0,26842310.0,,,60.0,603.0,,,,,,,28.82,0.009457,4789.0,1.0,28.5,138018.98,EFC,10.0,,,,,1,10.0,1.0,7.0,,,,,7.0,8.0,5.0,,,,,,10.0,3.0,5.0,3.0,,8.0,,4.0,3.0,,,10.0,5.0,2.0,2.0,,2.0,,4.0,5.0,2.0,4.0,9.0,10.0,6.0,3.0,2.0,1.0,9.0,5.0,9,10.0,10,1
2005-06-22,85943,,11,2,6036.0,26842310,EFC,E F C BANCORP INC,EFC,522120.0,A,A,R,34719,2,6036.0,26842310.0,,,60.0,603.0,,,,,,,-28.795,-0.000867,4789.0,1.0,,-137899.255,EFC,10.0,,,,,1,10.0,1.0,7.0,,,,,7.0,8.0,5.0,,,,,,10.0,3.0,5.0,3.0,,8.0,,4.0,3.0,,,10.0,5.0,2.0,2.0,,2.0,,4.0,5.0,2.0,4.0,9.0,10.0,6.0,3.0,2.0,1.0,9.0,5.0,9,10.0,10,1
2005-06-23,85943,,11,2,6036.0,26842310,EFC,E F C BANCORP INC,EFC,522120.0,A,A,R,34719,2,6036.0,26842310.0,,,60.0,603.0,,,,,,,29.4,0.021011,4789.0,1.0,29.0,140796.6,EFC,10.0,,,,,1,10.0,1.0,7.0,,,,,7.0,8.0,5.0,,,,,,10.0,3.0,5.0,3.0,,8.0,,4.0,3.0,,,10.0,5.0,2.0,2.0,,2.0,,4.0,5.0,2.0,4.0,9.0,10.0,6.0,3.0,2.0,1.0,9.0,5.0,9,10.0,10,1
2005-06-24,85943,,11,2,6036.0,26842310,EFC,E F C BANCORP INC,EFC,522120.0,A,A,R,34719,2,6036.0,26842310.0,,,60.0,603.0,,,,,,,29.15,-0.008503,4789.0,1.0,29.45,139599.35,EFC,10.0,,,,,1,10.0,1.0,7.0,,,,,7.0,8.0,5.0,,,,,,10.0,3.0,5.0,3.0,,8.0,,4.0,3.0,,,10.0,5.0,2.0,2.0,,2.0,,4.0,5.0,2.0,4.0,9.0,10.0,6.0,3.0,2.0,1.0,9.0,5.0,9,10.0,10,1
2005-06-27,85943,,11,2,6036.0,26842310,EFC,E F C BANCORP INC,EFC,522120.0,A,A,R,34719,2,6036.0,26842310.0,,,60.0,603.0,,,,,,,29.25,0.003431,4789.0,1.0,29.3,140078.25,EFC,10.0,,,,,1,10.0,1.0,7.0,,,,,7.0,8.0,5.0,,,,,,10.0,3.0,5.0,3.0,,8.0,,4.0,3.0,,,10.0,5.0,2.0,2.0,,2.0,,4.0,5.0,2.0,4.0,9.0,10.0,6.0,3.0,2.0,1.0,9.0,5.0,9,10.0,10,1
2005-06-28,85943,,11,2,6036.0,26842310,EFC,E F C BANCORP INC,EFC,522120.0,A,A,R,34719,2,6036.0,26842310.0,,,60.0,603.0,1232.0,0.1625,0.0,,,,29.4,0.010684,4789.0,1.0,29.25,140796.6,EFC,10.0,,,,,1,10.0,1.0,7.0,,,,,7.0,8.0,5.0,,,,,,10.0,3.0,5.0,3.0,,8.0,,4.0,3.0,,,10.0,5.0,2.0,2.0,,2.0,,4.0,5.0,2.0,4.0,9.0,10.0,6.0,3.0,2.0,1.0,9.0,5.0,9,10.0,10,1
2005-06-29,85943,,11,2,6036.0,26842310,EFC,E F C BANCORP INC,EFC,522120.0,A,A,R,34719,2,6036.0,26842310.0,,,60.0,603.0,,,,,,,29.7,0.010204,4789.0,1.0,29.5,142233.3,EFC,10.0,,,,,1,10.0,1.0,7.0,,,,,7.0,8.0,5.0,,,,,,10.0,3.0,5.0,3.0,,8.0,,4.0,3.0,,,10.0,5.0,2.0,2.0,,2.0,,4.0,5.0,2.0,4.0,9.0,10.0,6.0,3.0,2.0,1.0,9.0,5.0,9,10.0,10,1
2005-06-30,85943,,11,2,6036.0,26842310,EFC,E F C BANCORP INC,EFC,522120.0,A,A,R,34719,2,6036.0,26842310.0,,,60.0,603.0,,,,,,,33.99,0.144444,4789.0,1.0,33.75,162778.11,EFC,10.0,,,,,1,10.0,1.0,7.0,,,,,7.0,8.0,5.0,,,,,,10.0,3.0,5.0,3.0,,8.0,,4.0,3.0,,,10.0,5.0,2.0,2.0,,2.0,,4.0,5.0,2.0,4.0,9.0,10.0,6.0,3.0,2.0,1.0,9.0,5.0,9,10.0,10,1
2005-07-01,85943,,11,2,6036.0,26842310,EFC,E F C BANCORP INC,EFC,522120.0,A,A,R,34719,2,6036.0,26842310.0,,,60.0,603.0,,,,,,,34.15,0.004707,4789.0,1.0,33.9,163544.35,EFC,10.0,,,,,1,1.0,10.0,2.0,,,,,7.0,7.0,4.0,,,,,,10.0,2.0,4.0,3.0,,6.0,,6.0,4.0,,,10.0,7.0,6.0,2.0,,2.0,,3.0,5.0,2.0,1.0,8.0,10.0,10.0,1.0,1.0,1.0,9.0,6.0,9,10.0,10,1
2005-07-05,85943,,11,2,6036.0,26842310,EFC,E F C BANCORP INC,EFC,522120.0,A,A,R,34719,2,6036.0,26842310.0,,,60.0,603.0,,,,,,,34.35,0.005856,4789.0,1.0,34.15,164502.15,EFC,10.0,,,,,1,1.0,10.0,2.0,,,,,7.0,7.0,4.0,,,,,,10.0,2.0,4.0,3.0,,6.0,,6.0,4.0,,,10.0,7.0,6.0,2.0,,2.0,,3.0,5.0,2.0,1.0,8.0,10.0,10.0,1.0,1.0,1.0,9.0,6.0,9,10.0,10,1
2005-07-06,85943,,11,2,6036.0,26842310,EFC,E F C BANCORP INC,EFC,522120.0,A,A,R,34719,2,6036.0,26842310.0,,,60.0,603.0,,,,,,,34.2,-0.004367,4789.0,1.0,34.26,163783.8,EFC,10.0,,,,,1,1.0,10.0,2.0,,,,,7.0,7.0,4.0,,,,,,10.0,2.0,4.0,3.0,,6.0,,6.0,4.0,,,10.0,7.0,6.0,2.0,,2.0,,3.0,5.0,2.0,1.0,8.0,10.0,10.0,1.0,1.0,1.0,9.0,6.0,9,10.0,10,1
2005-07-07,85943,,11,2,6036.0,26842310,EFC,E F C BANCORP INC,EFC,522120.0,A,A,R,34719,2,6036.0,26842310.0,,,60.0,603.0,,,,,,,34.26,0.001754,4789.0,1.0,34.22,164071.14,EFC,10.0,,,,,1,1.0,10.0,2.0,,,,,7.0,7.0,4.0,,,,,,10.0,2.0,4.0,3.0,,6.0,,6.0,4.0,,,10.0,7.0,6.0,2.0,,2.0,,3.0,5.0,2.0,1.0,8.0,10.0,10.0,1.0,1.0,1.0,9.0,6.0,9,10.0,10,1
2005-07-08,85943,,11,2,6036.0,26842310,EFC,E F C BANCORP INC,EFC,522120.0,A,A,R,34719,2,6036.0,26842310.0,,,60.0,603.0,,,,,,,34.34,0.002335,4789.0,1.0,34.28,164454.26,EFC,10.0,,,,,1,1.0,10.0,2.0,,,,,7.0,7.0,4.0,,,,,,10.0,2.0,4.0,3.0,,6.0,,6.0,4.0,,,10.0,7.0,6.0,2.0,,2.0,,3.0,5.0,2.0,1.0,8.0,10.0,10.0,1.0,1.0,1.0,9.0,6.0,9,10.0,10,1
2005-07-11,85943,,11,2,6036.0,26842310,EFC,E F C BANCORP INC,EFC,522120.0,A,A,R,34719,2,6036.0,26842310.0,,,60.0,603.0,,,,,,,34.45,0.003203,4789.0,1.0,34.34,164981.05,EFC,10.0,,,,,1,1.0,10.0,2.0,,,,,7.0,7.0,4.0,,,,,,10.0,2.0,4.0,3.0,,6.0,,6.0,4.0,,,10.0,7.0,6.0,2.0,,2.0,,3.0,5.0,2.0,1.0,8.0,10.0,10.0,1.0,1.0,1.0,9.0,6.0,9,10.0,10,1
2005-07-12,85943,,11,2,6036.0,26842310,EFC,E F C BANCORP INC,EFC,522120.0,A,A,R,34719,2,6036.0,26842310.0,,,60.0,603.0,,,,,,,34.5,0.001451,4789.0,1.0,34.43,165220.5,EFC,10.0,,,,,1,1.0,10.0,2.0,,,,,7.0,7.0,4.0,,,,,,10.0,2.0,4.0,3.0,,6.0,,6.0,4.0,,,10.0,7.0,6.0,2.0,,2.0,,3.0,5.0,2.0,1.0,8.0,10.0,10.0,1.0,1.0,1.0,9.0,6.0,9,10.0,10,1
2005-07-13,85943,,11,2,6036.0,26842310,EFC,E F C BANCORP INC,EFC,522120.0,A,A,R,34719,2,6036.0,26842310.0,,,60.0,603.0,,,,,,,34.45,-0.001449,4789.0,1.0,34.5,164981.05,EFC,10.0,,,,,1,1.0,10.0,2.0,,,,,7.0,7.0,4.0,,,,,,10.0,2.0,4.0,3.0,,6.0,,6.0,4.0,,,10.0,7.0,6.0,2.0,,2.0,,3.0,5.0,2.0,1.0,8.0,10.0,10.0,1.0,1.0,1.0,9.0,6.0,9,10.0,10,1
2005-07-14,85943,,11,2,6036.0,26842310,EFC,E F C BANCORP INC,EFC,522120.0,A,A,R,34719,2,6036.0,26842310.0,,,60.0,603.0,,,,,,,34.46,0.00029,4789.0,1.0,34.49,165028.94,EFC,10.0,,,,,1,1.0,10.0,2.0,,,,,7.0,7.0,4.0,,,,,,10.0,2.0,4.0,3.0,,6.0,,6.0,4.0,,,10.0,7.0,6.0,2.0,,2.0,,3.0,5.0,2.0,1.0,8.0,10.0,10.0,1.0,1.0,1.0,9.0,6.0,9,10.0,10,1
2005-07-15,85943,,11,2,6036.0,26842310,EFC,E F C BANCORP INC,EFC,522120.0,A,A,R,34719,2,6036.0,26842310.0,,,60.0,603.0,,,,,,,34.15,-0.008996,4789.0,1.0,34.3,163544.35,EFC,10.0,,,,,1,1.0,10.0,2.0,,,,,7.0,7.0,4.0,,,,,,10.0,2.0,4.0,3.0,,6.0,,6.0,4.0,,,10.0,7.0,6.0,2.0,,2.0,,3.0,5.0,2.0,1.0,8.0,10.0,10.0,1.0,1.0,1.0,9.0,6.0,9,10.0,10,1
2005-07-18,85943,,11,2,6036.0,26842310,EFC,E F C BANCORP INC,EFC,522120.0,A,A,R,34719,2,6036.0,26842310.0,,,60.0,603.0,,,,,,,34.12,-0.000879,4789.0,1.0,34.28,163400.68,EFC,10.0,,,,,1,1.0,10.0,2.0,,,,,7.0,7.0,4.0,,,,,,10.0,2.0,4.0,3.0,,6.0,,6.0,4.0,,,10.0,7.0,6.0,2.0,,2.0,,3.0,5.0,2.0,1.0,8.0,10.0,10.0,1.0,1.0,1.0,9.0,6.0,9,10.0,10,1
2005-07-19,85943,,11,2,6036.0,26842310,EFC,E F C BANCORP INC,EFC,522120.0,A,A,R,34719,2,6036.0,26842310.0,,,60.0,603.0,,,,,,,34.25,0.00381,4789.0,1.0,34.21,164023.25,EFC,10.0,,,,,1,1.0,10.0,2.0,,,,,7.0,7.0,4.0,,,,,,10.0,2.0,4.0,3.0,,6.0,,6.0,4.0,,,10.0,7.0,6.0,2.0,,2.0,,3.0,5.0,2.0,1.0,8.0,10.0,10.0,1.0,1.0,1.0,9.0,6.0,9,10.0,10,1
2005-07-20,85943,,11,2,6036.0,26842310,EFC,E F C BANCORP INC,EFC,522120.0,A,A,R,34719,2,6036.0,26842310.0,,,60.0,603.0,,,,,,,34.48,0.006715,4789.0,1.0,34.25,165124.72,EFC,10.0,,,,,1,1.0,10.0,2.0,,,,,7.0,7.0,4.0,,,,,,10.0,2.0,4.0,3.0,,6.0,,6.0,4.0,,,10.0,7.0,6.0,2.0,,2.0,,3.0,5.0,2.0,1.0,8.0,10.0,10.0,1.0,1.0,1.0,9.0,6.0,9,10.0,10,1
2005-07-21,85943,,11,2,6036.0,26842310,EFC,E F C BANCORP INC,EFC,522120.0,A,A,R,34719,2,6036.0,26842310.0,,,60.0,603.0,,,,,,,34.37,-0.00319,4789.0,1.0,34.5,164597.93,EFC,10.0,,,,,1,1.0,10.0,2.0,,,,,7.0,7.0,4.0,,,,,,10.0,2.0,4.0,3.0,,6.0,,6.0,4.0,,,10.0,7.0,6.0,2.0,,2.0,,3.0,5.0,2.0,1.0,8.0,10.0,10.0,1.0,1.0,1.0,9.0,6.0,9,10.0,10,1
2005-07-22,85943,,11,2,6036.0,26842310,EFC,E F C BANCORP INC,EFC,522120.0,A,A,R,34719,2,6036.0,26842310.0,,,60.0,603.0,,,,,,,34.85,0.013966,4789.0,1.0,34.45,166896.65,EFC,10.0,,,,,1,1.0,10.0,2.0,,,,,7.0,7.0,4.0,,,,,,10.0,2.0,4.0,3.0,,6.0,,6.0,4.0,,,10.0,7.0,6.0,2.0,,2.0,,3.0,5.0,2.0,1.0,8.0,10.0,10.0,1.0,1.0,1.0,9.0,6.0,9,10.0,10,1
2005-07-25,85943,,11,2,6036.0,26842310,EFC,E F C BANCORP INC,EFC,522120.0,A,A,R,34719,2,6036.0,26842310.0,,,60.0,603.0,,,,,,,34.8,-0.001435,4789.0,1.0,34.86,166657.2,EFC,10.0,,,,,1,1.0,10.0,2.0,,,,,7.0,7.0,4.0,,,,,,10.0,2.0,4.0,3.0,,6.0,,6.0,4.0,,,10.0,7.0,6.0,2.0,,2.0,,3.0,5.0,2.0,1.0,8.0,10.0,10.0,1.0,1.0,1.0,9.0,6.0,9,10.0,10,1
2005-07-26,85943,,11,2,6036.0,26842310,EFC,E F C BANCORP INC,EFC,522120.0,A,A,R,34719,2,6036.0,26842310.0,,,60.0,603.0,,,,,,,34.84,0.001149,4789.0,1.0,34.8,166848.76,EFC,10.0,,,,,1,1.0,10.0,2.0,,,,,7.0,7.0,4.0,,,,,,10.0,2.0,4.0,3.0,,6.0,,6.0,4.0,,,10.0,7.0,6.0,2.0,,2.0,,3.0,5.0,2.0,1.0,8.0,10.0,10.0,1.0,1.0,1.0,9.0,6.0,9,10.0,10,1
2005-07-27,85943,,11,2,6036.0,26842310,EFC,E F C BANCORP INC,EFC,522120.0,A,A,R,34719,2,6036.0,26842310.0,,,60.0,603.0,,,,,,,34.76,-0.002296,4789.0,1.0,34.89,166465.64,EFC,10.0,,,,,1,1.0,10.0,2.0,,,,,7.0,7.0,4.0,,,,,,10.0,2.0,4.0,3.0,,6.0,,6.0,4.0,,,10.0,7.0,6.0,2.0,,2.0,,3.0,5.0,2.0,1.0,8.0,10.0,10.0,1.0,1.0,1.0,9.0,6.0,9,10.0,10,1
2005-07-28,85943,,11,2,6036.0,26842310,EFC,E F C BANCORP INC,EFC,522120.0,A,A,R,34719,2,6036.0,26842310.0,,,60.0,603.0,,,,,,,34.8,0.001151,4789.0,1.0,34.65,166657.2,EFC,10.0,,,,,1,1.0,10.0,2.0,,,,,7.0,7.0,4.0,,,,,,10.0,2.0,4.0,3.0,,6.0,,6.0,4.0,,,10.0,7.0,6.0,2.0,,2.0,,3.0,5.0,2.0,1.0,8.0,10.0,10.0,1.0,1.0,1.0,9.0,6.0,9,10.0,10,1
2005-07-29,85943,,11,2,6036.0,26842310,EFC,E F C BANCORP INC,EFC,522120.0,A,A,R,34719,2,6036.0,26842310.0,,,60.0,603.0,,,,,,,34.8,0.0,4789.0,1.0,34.92,166657.2,EFC,10.0,,,,,1,1.0,10.0,2.0,,,,,7.0,7.0,4.0,,,,,,10.0,2.0,4.0,3.0,,6.0,,6.0,4.0,,,10.0,7.0,6.0,2.0,,2.0,,3.0,5.0,2.0,1.0,8.0,10.0,10.0,1.0,1.0,1.0,9.0,6.0,9,10.0,10,1
2005-08-01,85943,,11,2,6036.0,26842310,EFC,E F C BANCORP INC,EFC,522120.0,A,A,R,34719,2,6036.0,26842310.0,,,60.0,603.0,,,,,,,35.09,0.008333,4789.0,1.0,34.6,168046.01,EFC,10.0,,,,,1,1.0,10.0,2.0,,,,,7.0,7.0,4.0,,,,,,10.0,2.0,4.0,3.0,,6.0,,10.0,3.0,,,10.0,8.0,8.0,2.0,,2.0,,4.0,6.0,2.0,7.0,3.0,10.0,5.0,4.0,,,9.0,6.0,9,8.0,10,1
2005-08-02,85943,,11,2,6036.0,26842310,EFC,E F C BANCORP INC,EFC,522120.0,A,A,R,34719,2,6036.0,26842310.0,,,60.0,603.0,,,,,,,35.14,0.001425,4789.0,1.0,35.15,168285.46,EFC,10.0,,,,,1,1.0,10.0,2.0,,,,,7.0,7.0,4.0,,,,,,10.0,2.0,4.0,3.0,,6.0,,10.0,3.0,,,10.0,8.0,8.0,2.0,,2.0,,4.0,6.0,2.0,7.0,3.0,10.0,5.0,4.0,,,9.0,6.0,9,8.0,10,1
2005-08-03,85943,,11,2,6036.0,26842310,EFC,E F C BANCORP INC,EFC,522120.0,A,A,R,34719,2,6036.0,26842310.0,,,60.0,603.0,,,,,,,35.09,-0.001423,4789.0,1.0,35.14,168046.01,EFC,10.0,,,,,1,1.0,10.0,2.0,,,,,7.0,7.0,4.0,,,,,,10.0,2.0,4.0,3.0,,6.0,,10.0,3.0,,,10.0,8.0,8.0,2.0,,2.0,,4.0,6.0,2.0,7.0,3.0,10.0,5.0,4.0,,,9.0,6.0,9,8.0,10,1
2005-08-04,85943,,11,2,6036.0,26842310,EFC,E F C BANCORP INC,EFC,522120.0,A,A,R,34719,2,6036.0,26842310.0,,,60.0,603.0,,,,,,,34.89,-0.0057,4789.0,1.0,34.94,167088.21,EFC,10.0,,,,,1,1.0,10.0,2.0,,,,,7.0,7.0,4.0,,,,,,10.0,2.0,4.0,3.0,,6.0,,10.0,3.0,,,10.0,8.0,8.0,2.0,,2.0,,4.0,6.0,2.0,7.0,3.0,10.0,5.0,4.0,,,9.0,6.0,9,8.0,10,1
2005-08-05,85943,,11,2,6036.0,26842310,EFC,E F C BANCORP INC,EFC,522120.0,A,A,R,34719,2,6036.0,26842310.0,,,60.0,603.0,,,,,,,34.74,-0.004299,4789.0,1.0,34.75,166369.86,EFC,10.0,,,,,1,1.0,10.0,2.0,,,,,7.0,7.0,4.0,,,,,,10.0,2.0,4.0,3.0,,6.0,,10.0,3.0,,,10.0,8.0,8.0,2.0,,2.0,,4.0,6.0,2.0,7.0,3.0,10.0,5.0,4.0,,,9.0,6.0,9,8.0,10,1
2005-08-08,85943,,11,2,6036.0,26842310,EFC,E F C BANCORP INC,EFC,522120.0,A,A,R,34719,2,6036.0,26842310.0,,,60.0,603.0,,,,,,,34.61,-0.003742,4789.0,1.0,34.67,165747.29,EFC,10.0,,,,,1,1.0,10.0,2.0,,,,,7.0,7.0,4.0,,,,,,10.0,2.0,4.0,3.0,,6.0,,10.0,3.0,,,10.0,8.0,8.0,2.0,,2.0,,4.0,6.0,2.0,7.0,3.0,10.0,5.0,4.0,,,9.0,6.0,9,8.0,10,1
2005-08-09,85943,,11,2,6036.0,26842310,EFC,E F C BANCORP INC,EFC,522120.0,A,A,R,34719,2,6036.0,26842310.0,,,60.0,603.0,,,,,,,34.64,0.000867,4789.0,1.0,34.62,165890.96,EFC,10.0,,,,,1,1.0,10.0,2.0,,,,,7.0,7.0,4.0,,,,,,10.0,2.0,4.0,3.0,,6.0,,10.0,3.0,,,10.0,8.0,8.0,2.0,,2.0,,4.0,6.0,2.0,7.0,3.0,10.0,5.0,4.0,,,9.0,6.0,9,8.0,10,1
2005-08-10,85943,,11,2,6036.0,26842310,EFC,E F C BANCORP INC,EFC,522120.0,A,A,R,34719,2,6036.0,26842310.0,,,60.0,603.0,,,,,,,34.49,-0.00433,4789.0,1.0,34.63,165172.61,EFC,10.0,,,,,1,1.0,10.0,2.0,,,,,7.0,7.0,4.0,,,,,,10.0,2.0,4.0,3.0,,6.0,,10.0,3.0,,,10.0,8.0,8.0,2.0,,2.0,,4.0,6.0,2.0,7.0,3.0,10.0,5.0,4.0,,,9.0,6.0,9,8.0,10,1
2005-08-11,85943,,11,2,6036.0,26842310,EFC,E F C BANCORP INC,EFC,522120.0,A,A,R,34719,2,6036.0,26842310.0,,,60.0,603.0,,,,,,,34.56,0.00203,4789.0,1.0,34.49,165507.84,EFC,10.0,,,,,1,1.0,10.0,2.0,,,,,7.0,7.0,4.0,,,,,,10.0,2.0,4.0,3.0,,6.0,,10.0,3.0,,,10.0,8.0,8.0,2.0,,2.0,,4.0,6.0,2.0,7.0,3.0,10.0,5.0,4.0,,,9.0,6.0,9,8.0,10,1
2005-08-12,85943,,11,2,6036.0,26842310,EFC,E F C BANCORP INC,EFC,522120.0,A,A,R,34719,2,6036.0,26842310.0,,,60.0,603.0,,,,,,,34.56,0.0,4789.0,1.0,34.62,165507.84,EFC,10.0,,,,,1,1.0,10.0,2.0,,,,,7.0,7.0,4.0,,,,,,10.0,2.0,4.0,3.0,,6.0,,10.0,3.0,,,10.0,8.0,8.0,2.0,,2.0,,4.0,6.0,2.0,7.0,3.0,10.0,5.0,4.0,,,9.0,6.0,9,8.0,10,1
2005-08-15,85943,,11,2,6036.0,26842310,EFC,E F C BANCORP INC,EFC,522120.0,A,A,R,34719,2,6036.0,26842310.0,,,60.0,603.0,,,,,,,34.62,0.001736,4789.0,1.0,34.54,165795.18,EFC,10.0,,,,,1,1.0,10.0,2.0,,,,,7.0,7.0,4.0,,,,,,10.0,2.0,4.0,3.0,,6.0,,10.0,3.0,,,10.0,8.0,8.0,2.0,,2.0,,4.0,6.0,2.0,7.0,3.0,10.0,5.0,4.0,,,9.0,6.0,9,8.0,10,1
2005-08-16,85943,,11,2,6036.0,26842310,EFC,E F C BANCORP INC,EFC,522120.0,A,A,R,34719,2,6036.0,26842310.0,,,60.0,603.0,,,,,,,34.58,-0.001155,4789.0,1.0,34.59,165603.62,EFC,10.0,,,,,1,1.0,10.0,2.0,,,,,7.0,7.0,4.0,,,,,,10.0,2.0,4.0,3.0,,6.0,,10.0,3.0,,,10.0,8.0,8.0,2.0,,2.0,,4.0,6.0,2.0,7.0,3.0,10.0,5.0,4.0,,,9.0,6.0,9,8.0,10,1
2005-08-17,85943,,11,2,6036.0,26842310,EFC,E F C BANCORP INC,EFC,522120.0,A,A,R,34719,2,6036.0,26842310.0,,,60.0,603.0,,,,,,,34.58,0.0,4789.0,1.0,34.4,165603.62,EFC,10.0,,,,,1,1.0,10.0,2.0,,,,,7.0,7.0,4.0,,,,,,10.0,2.0,4.0,3.0,,6.0,,10.0,3.0,,,10.0,8.0,8.0,2.0,,2.0,,4.0,6.0,2.0,7.0,3.0,10.0,5.0,4.0,,,9.0,6.0,9,8.0,10,1
2005-08-18,85943,,11,2,6036.0,26842310,EFC,E F C BANCORP INC,EFC,522120.0,A,A,R,34719,2,6036.0,26842310.0,,,60.0,603.0,,,,,,,34.43,-0.004338,4789.0,1.0,34.55,164885.27,EFC,10.0,,,,,1,1.0,10.0,2.0,,,,,7.0,7.0,4.0,,,,,,10.0,2.0,4.0,3.0,,6.0,,10.0,3.0,,,10.0,8.0,8.0,2.0,,2.0,,4.0,6.0,2.0,7.0,3.0,10.0,5.0,4.0,,,9.0,6.0,9,8.0,10,1
2005-08-19,85943,,11,2,6036.0,26842310,EFC,E F C BANCORP INC,EFC,522120.0,A,A,R,34719,2,6036.0,26842310.0,,,60.0,603.0,,,,,,,34.56,0.003776,4789.0,1.0,34.53,165507.84,EFC,10.0,,,,,1,1.0,10.0,2.0,,,,,7.0,7.0,4.0,,,,,,10.0,2.0,4.0,3.0,,6.0,,10.0,3.0,,,10.0,8.0,8.0,2.0,,2.0,,4.0,6.0,2.0,7.0,3.0,10.0,5.0,4.0,,,9.0,6.0,9,8.0,10,1
2005-08-22,85943,,11,2,6036.0,26842310,EFC,E F C BANCORP INC,EFC,522120.0,A,A,R,34719,2,6036.0,26842310.0,,,60.0,603.0,,,,,,,34.74,0.005208,4789.0,1.0,34.58,166369.86,EFC,10.0,,,,,1,1.0,10.0,2.0,,,,,7.0,7.0,4.0,,,,,,10.0,2.0,4.0,3.0,,6.0,,10.0,3.0,,,10.0,8.0,8.0,2.0,,2.0,,4.0,6.0,2.0,7.0,3.0,10.0,5.0,4.0,,,9.0,6.0,9,8.0,10,1
2005-08-23,85943,,11,2,6036.0,26842310,EFC,E F C BANCORP INC,EFC,522120.0,A,A,R,34719,2,6036.0,26842310.0,,,60.0,603.0,,,,,,,34.6,-0.00403,4789.0,1.0,34.73,165699.4,EFC,10.0,,,,,1,1.0,10.0,2.0,,,,,7.0,7.0,4.0,,,,,,10.0,2.0,4.0,3.0,,6.0,,10.0,3.0,,,10.0,8.0,8.0,2.0,,2.0,,4.0,6.0,2.0,7.0,3.0,10.0,5.0,4.0,,,9.0,6.0,9,8.0,10,1
2005-08-24,85943,,11,2,6036.0,26842310,EFC,E F C BANCORP INC,EFC,522120.0,A,A,R,34719,2,6036.0,26842310.0,,,60.0,603.0,,,,,,,34.36,-0.006936,4789.0,1.0,34.6,164550.04,EFC,10.0,,,,,1,1.0,10.0,2.0,,,,,7.0,7.0,4.0,,,,,,10.0,2.0,4.0,3.0,,6.0,,10.0,3.0,,,10.0,8.0,8.0,2.0,,2.0,,4.0,6.0,2.0,7.0,3.0,10.0,5.0,4.0,,,9.0,6.0,9,8.0,10,1
2005-08-25,85943,,11,2,6036.0,26842310,EFC,E F C BANCORP INC,EFC,522120.0,A,A,R,34719,2,6036.0,26842310.0,,,60.0,603.0,,,,,,,34.46,0.00291,4789.0,1.0,34.3,165028.94,EFC,10.0,,,,,1,1.0,10.0,2.0,,,,,7.0,7.0,4.0,,,,,,10.0,2.0,4.0,3.0,,6.0,,10.0,3.0,,,10.0,8.0,8.0,2.0,,2.0,,4.0,6.0,2.0,7.0,3.0,10.0,5.0,4.0,,,9.0,6.0,9,8.0,10,1
2005-08-26,85943,,11,2,6036.0,26842310,EFC,E F C BANCORP INC,EFC,522120.0,A,A,R,34719,2,6036.0,26842310.0,,,60.0,603.0,,,,,,,34.23,-0.006674,4789.0,1.0,34.43,163927.47,EFC,10.0,,,,,1,1.0,10.0,2.0,,,,,7.0,7.0,4.0,,,,,,10.0,2.0,4.0,3.0,,6.0,,10.0,3.0,,,10.0,8.0,8.0,2.0,,2.0,,4.0,6.0,2.0,7.0,3.0,10.0,5.0,4.0,,,9.0,6.0,9,8.0,10,1
2005-08-29,85943,,11,2,6036.0,26842310,EFC,E F C BANCORP INC,EFC,522120.0,A,A,R,34719,2,6036.0,26842310.0,,,60.0,603.0,,,,,,,34.55,0.009349,4789.0,1.0,34.1,165459.95,EFC,10.0,,,,,1,1.0,10.0,2.0,,,,,7.0,7.0,4.0,,,,,,10.0,2.0,4.0,3.0,,6.0,,10.0,3.0,,,10.0,8.0,8.0,2.0,,2.0,,4.0,6.0,2.0,7.0,3.0,10.0,5.0,4.0,,,9.0,6.0,9,8.0,10,1
2005-08-30,85943,,11,2,6036.0,26842310,EFC,E F C BANCORP INC,EFC,522120.0,A,A,R,34719,2,6036.0,26842310.0,,,60.0,603.0,,,,,,,34.38,-0.00492,4789.0,1.0,34.4,164645.82,EFC,10.0,,,,,1,1.0,10.0,2.0,,,,,7.0,7.0,4.0,,,,,,10.0,2.0,4.0,3.0,,6.0,,10.0,3.0,,,10.0,8.0,8.0,2.0,,2.0,,4.0,6.0,2.0,7.0,3.0,10.0,5.0,4.0,,,9.0,6.0,9,8.0,10,1
2005-08-31,85943,,11,2,6036.0,26842310,EFC,E F C BANCORP INC,EFC,522120.0,A,A,R,34719,2,6036.0,26842310.0,,,60.0,603.0,,,,,,,34.39,0.000291,4824.0,1.0,34.32,165897.36,EFC,10.0,,,,,1,1.0,10.0,2.0,,,,,7.0,7.0,4.0,,,,,,10.0,2.0,4.0,3.0,,6.0,,10.0,3.0,,,10.0,8.0,8.0,2.0,,2.0,,4.0,6.0,2.0,7.0,3.0,10.0,5.0,4.0,,,9.0,6.0,9,8.0,10,1
2005-09-01,85943,,11,2,6036.0,26842310,EFC,E F C BANCORP INC,EFC,522120.0,A,A,R,34719,2,6036.0,26842310.0,,,60.0,603.0,,,,,,,-34.38,-0.000291,4824.0,1.0,,-165849.12,EFC,10.0,,,,,1,1.0,10.0,2.0,,,,,7.0,7.0,4.0,,,,,,10.0,2.0,4.0,3.0,,6.0,,9.0,4.0,,,10.0,8.0,5.0,1.0,,3.0,,4.0,5.0,2.0,6.0,3.0,10.0,8.0,5.0,,,9.0,6.0,9,8.0,10,1
2005-09-02,85943,,11,2,6036.0,26842310,EFC,E F C BANCORP INC,EFC,522120.0,A,A,R,34719,2,6036.0,26842310.0,,,60.0,603.0,,,,,,,34.31,-0.002036,4824.0,1.0,34.2,165511.44,EFC,10.0,,,,,1,1.0,10.0,2.0,,,,,7.0,7.0,4.0,,,,,,10.0,2.0,4.0,3.0,,6.0,,9.0,4.0,,,10.0,8.0,5.0,1.0,,3.0,,4.0,5.0,2.0,6.0,3.0,10.0,8.0,5.0,,,9.0,6.0,9,8.0,10,1
2005-09-06,85943,,11,2,6036.0,26842310,EFC,E F C BANCORP INC,EFC,522120.0,A,A,R,34719,2,6036.0,26842310.0,,,60.0,603.0,,,,,,,-34.335,0.000729,4824.0,1.0,,-165632.04,EFC,10.0,,,,,1,1.0,10.0,2.0,,,,,7.0,7.0,4.0,,,,,,10.0,2.0,4.0,3.0,,6.0,,9.0,4.0,,,10.0,8.0,5.0,1.0,,3.0,,4.0,5.0,2.0,6.0,3.0,10.0,8.0,5.0,,,9.0,6.0,9,8.0,10,1
2005-09-07,85943,,11,2,6036.0,26842310,EFC,E F C BANCORP INC,EFC,522120.0,A,A,R,34719,2,6036.0,26842310.0,,,60.0,603.0,,,,,,,34.27,-0.001893,4824.0,1.0,34.5,165318.48,EFC,10.0,,,,,1,1.0,10.0,2.0,,,,,7.0,7.0,4.0,,,,,,10.0,2.0,4.0,3.0,,6.0,,9.0,4.0,,,10.0,8.0,5.0,1.0,,3.0,,4.0,5.0,2.0,6.0,3.0,10.0,8.0,5.0,,,9.0,6.0,9,8.0,10,1
2005-09-08,85943,,11,2,6036.0,26842310,EFC,E F C BANCORP INC,EFC,522120.0,A,A,R,34719,2,6036.0,26842310.0,,,60.0,603.0,,,,,,,34.16,-0.00321,4824.0,1.0,34.16,164787.84,EFC,10.0,,,,,1,1.0,10.0,2.0,,,,,7.0,7.0,4.0,,,,,,10.0,2.0,4.0,3.0,,6.0,,9.0,4.0,,,10.0,8.0,5.0,1.0,,3.0,,4.0,5.0,2.0,6.0,3.0,10.0,8.0,5.0,,,9.0,6.0,9,8.0,10,1
2005-09-09,85943,,11,2,6036.0,26842310,EFC,E F C BANCORP INC,EFC,522120.0,A,A,R,34719,2,6036.0,26842310.0,,,60.0,603.0,,,,,,,34.19,0.000878,4824.0,1.0,34.19,164932.56,EFC,10.0,,,,,1,1.0,10.0,2.0,,,,,7.0,7.0,4.0,,,,,,10.0,2.0,4.0,3.0,,6.0,,9.0,4.0,,,10.0,8.0,5.0,1.0,,3.0,,4.0,5.0,2.0,6.0,3.0,10.0,8.0,5.0,,,9.0,6.0,9,8.0,10,1
2005-09-12,85943,,11,2,6036.0,26842310,EFC,E F C BANCORP INC,EFC,522120.0,A,A,R,34719,2,6036.0,26842310.0,,,60.0,603.0,,,,,,,34.03,-0.00468,4824.0,1.0,34.04,164160.72,EFC,10.0,,,,,1,1.0,10.0,2.0,,,,,7.0,7.0,4.0,,,,,,10.0,2.0,4.0,3.0,,6.0,,9.0,4.0,,,10.0,8.0,5.0,1.0,,3.0,,4.0,5.0,2.0,6.0,3.0,10.0,8.0,5.0,,,9.0,6.0,9,8.0,10,1
2005-09-13,85943,,11,2,6036.0,26842310,EFC,E F C BANCORP INC,EFC,522120.0,A,A,R,34719,2,6036.0,26842310.0,,,60.0,603.0,,,,,,,33.83,-0.005877,4824.0,1.0,33.84,163195.92,EFC,10.0,,,,,1,1.0,10.0,2.0,,,,,7.0,7.0,4.0,,,,,,10.0,2.0,4.0,3.0,,6.0,,9.0,4.0,,,10.0,8.0,5.0,1.0,,3.0,,4.0,5.0,2.0,6.0,3.0,10.0,8.0,5.0,,,9.0,6.0,9,8.0,10,1
2005-09-14,85943,,11,2,6036.0,26842310,EFC,E F C BANCORP INC,EFC,522120.0,A,A,R,34719,2,6036.0,26842310.0,,,60.0,603.0,,,,,,,33.66,-0.005025,4824.0,1.0,33.81,162375.84,EFC,10.0,,,,,1,1.0,10.0,2.0,,,,,7.0,7.0,4.0,,,,,,10.0,2.0,4.0,3.0,,6.0,,9.0,4.0,,,10.0,8.0,5.0,1.0,,3.0,,4.0,5.0,2.0,6.0,3.0,10.0,8.0,5.0,,,9.0,6.0,9,8.0,10,1
2005-09-15,85943,,11,2,6036.0,26842310,EFC,E F C BANCORP INC,EFC,522120.0,A,A,R,34719,2,6036.0,26842310.0,,,60.0,603.0,,,,,,,33.6,-0.001783,4824.0,1.0,33.5,162086.4,EFC,10.0,,,,,1,1.0,10.0,2.0,,,,,7.0,7.0,4.0,,,,,,10.0,2.0,4.0,3.0,,6.0,,9.0,4.0,,,10.0,8.0,5.0,1.0,,3.0,,4.0,5.0,2.0,6.0,3.0,10.0,8.0,5.0,,,9.0,6.0,9,8.0,10,1
2005-09-16,85943,,11,2,6036.0,26842310,EFC,E F C BANCORP INC,EFC,522120.0,A,A,R,34719,2,6036.0,26842310.0,,,60.0,603.0,,,,,,,34.15,0.016369,4824.0,1.0,33.72,164739.6,EFC,10.0,,,,,1,1.0,10.0,2.0,,,,,7.0,7.0,4.0,,,,,,10.0,2.0,4.0,3.0,,6.0,,9.0,4.0,,,10.0,8.0,5.0,1.0,,3.0,,4.0,5.0,2.0,6.0,3.0,10.0,8.0,5.0,,,9.0,6.0,9,8.0,10,1
2005-09-19,85943,,11,2,6036.0,26842310,EFC,E F C BANCORP INC,EFC,522120.0,A,A,R,34719,2,6036.0,26842310.0,,,60.0,603.0,,,,,,,34.1,-0.001464,4824.0,1.0,34.05,164498.4,EFC,10.0,,,,,1,1.0,10.0,2.0,,,,,7.0,7.0,4.0,,,,,,10.0,2.0,4.0,3.0,,6.0,,9.0,4.0,,,10.0,8.0,5.0,1.0,,3.0,,4.0,5.0,2.0,6.0,3.0,10.0,8.0,5.0,,,9.0,6.0,9,8.0,10,1
2005-09-20,85943,,11,2,6036.0,26842310,EFC,E F C BANCORP INC,EFC,522120.0,A,A,R,34719,2,6036.0,26842310.0,,,60.0,603.0,,,,,,,33.75,-0.010264,4824.0,1.0,34.0,162810.0,EFC,10.0,,,,,1,1.0,10.0,2.0,,,,,7.0,7.0,4.0,,,,,,10.0,2.0,4.0,3.0,,6.0,,9.0,4.0,,,10.0,8.0,5.0,1.0,,3.0,,4.0,5.0,2.0,6.0,3.0,10.0,8.0,5.0,,,9.0,6.0,9,8.0,10,1
2005-09-21,85943,,11,2,6036.0,26842310,EFC,E F C BANCORP INC,EFC,522120.0,A,A,R,34719,2,6036.0,26842310.0,,,60.0,603.0,,,,,,,33.56,-0.00563,4824.0,1.0,33.55,161893.44,EFC,10.0,,,,,1,1.0,10.0,2.0,,,,,7.0,7.0,4.0,,,,,,10.0,2.0,4.0,3.0,,6.0,,9.0,4.0,,,10.0,8.0,5.0,1.0,,3.0,,4.0,5.0,2.0,6.0,3.0,10.0,8.0,5.0,,,9.0,6.0,9,8.0,10,1
2005-09-22,85943,,11,2,6036.0,26842310,EFC,E F C BANCORP INC,EFC,522120.0,A,A,R,34719,2,6036.0,26842310.0,,,60.0,603.0,,,,,,,33.4,-0.004768,4824.0,1.0,33.36,161121.6,EFC,10.0,,,,,1,1.0,10.0,2.0,,,,,7.0,7.0,4.0,,,,,,10.0,2.0,4.0,3.0,,6.0,,9.0,4.0,,,10.0,8.0,5.0,1.0,,3.0,,4.0,5.0,2.0,6.0,3.0,10.0,8.0,5.0,,,9.0,6.0,9,8.0,10,1
2005-09-23,85943,,11,2,6036.0,26842310,EFC,E F C BANCORP INC,EFC,522120.0,A,A,R,34719,2,6036.0,26842310.0,,,60.0,603.0,,,,,,,33.4,0.0,4824.0,1.0,33.21,161121.6,EFC,10.0,,,,,1,1.0,10.0,2.0,,,,,7.0,7.0,4.0,,,,,,10.0,2.0,4.0,3.0,,6.0,,9.0,4.0,,,10.0,8.0,5.0,1.0,,3.0,,4.0,5.0,2.0,6.0,3.0,10.0,8.0,5.0,,,9.0,6.0,9,8.0,10,1
2005-09-26,85943,,11,2,6036.0,26842310,EFC,E F C BANCORP INC,EFC,522120.0,A,A,R,34719,2,6036.0,26842310.0,,,60.0,603.0,,,,,,,33.35,-0.001497,4824.0,1.0,33.5,160880.4,EFC,10.0,,,,,1,1.0,10.0,2.0,,,,,7.0,7.0,4.0,,,,,,10.0,2.0,4.0,3.0,,6.0,,9.0,4.0,,,10.0,8.0,5.0,1.0,,3.0,,4.0,5.0,2.0,6.0,3.0,10.0,8.0,5.0,,,9.0,6.0,9,8.0,10,1
2005-09-27,85943,,11,2,6036.0,26842310,EFC,E F C BANCORP INC,EFC,522120.0,A,A,R,34719,2,6036.0,26842310.0,,,60.0,603.0,,,,,,,33.05,-0.008995,4824.0,1.0,33.15,159433.2,EFC,10.0,,,,,1,1.0,10.0,2.0,,,,,7.0,7.0,4.0,,,,,,10.0,2.0,4.0,3.0,,6.0,,9.0,4.0,,,10.0,8.0,5.0,1.0,,3.0,,4.0,5.0,2.0,6.0,3.0,10.0,8.0,5.0,,,9.0,6.0,9,8.0,10,1
2005-09-28,85943,,11,2,6036.0,26842310,EFC,E F C BANCORP INC,EFC,522120.0,A,A,R,34719,2,6036.0,26842310.0,,,60.0,603.0,1232.0,0.1625,0.0,,,,33.02,0.004009,4824.0,1.0,33.15,159288.48,EFC,10.0,,,,,1,1.0,10.0,2.0,,,,,7.0,7.0,4.0,,,,,,10.0,2.0,4.0,3.0,,6.0,,9.0,4.0,,,10.0,8.0,5.0,1.0,,3.0,,4.0,5.0,2.0,6.0,3.0,10.0,8.0,5.0,,,9.0,6.0,9,8.0,10,1
2005-09-29,85943,,11,2,6036.0,26842310,EFC,E F C BANCORP INC,EFC,522120.0,A,A,R,34719,2,6036.0,26842310.0,,,60.0,603.0,,,,,,,33.3,0.00848,4824.0,1.0,33.2,160639.2,EFC,10.0,,,,,1,1.0,10.0,2.0,,,,,7.0,7.0,4.0,,,,,,10.0,2.0,4.0,3.0,,6.0,,9.0,4.0,,,10.0,8.0,5.0,1.0,,3.0,,4.0,5.0,2.0,6.0,3.0,10.0,8.0,5.0,,,9.0,6.0,9,8.0,10,1
2005-09-30,85943,,11,2,6036.0,26842310,EFC,E F C BANCORP INC,EFC,522120.0,A,A,R,34719,2,6036.0,26842310.0,,,60.0,603.0,,,,,,,33.3,0.0,4824.0,1.0,33.3,160639.2,EFC,10.0,,,,,1,1.0,10.0,2.0,,,,,7.0,7.0,4.0,,,,,,10.0,2.0,4.0,3.0,,6.0,,9.0,4.0,,,10.0,8.0,5.0,1.0,,3.0,,4.0,5.0,2.0,6.0,3.0,10.0,8.0,5.0,,,9.0,6.0,9,8.0,10,1
2005-10-03,85943,,11,2,6036.0,26842310,EFC,E F C BANCORP INC,EFC,522120.0,A,A,R,34719,2,6036.0,26842310.0,,,60.0,603.0,,,,,,,33.0,-0.009009,4824.0,1.0,33.15,159192.0,EFC,10.0,,,,,1,1.0,10.0,2.0,,,,,7.0,7.0,4.0,,,,,,10.0,2.0,4.0,3.0,,6.0,,10.0,4.0,,,10.0,8.0,6.0,2.0,,3.0,,4.0,4.0,2.0,7.0,10.0,10.0,4.0,6.0,6.0,5.0,8.0,6.0,9,8.0,10,1
2005-10-04,85943,,11,2,6036.0,26842310,EFC,E F C BANCORP INC,EFC,522120.0,A,A,R,34719,2,6036.0,26842310.0,,,60.0,603.0,,,,,,,33.0,0.0,4824.0,1.0,33.0,159192.0,EFC,10.0,,,,,1,1.0,10.0,2.0,,,,,7.0,7.0,4.0,,,,,,10.0,2.0,4.0,3.0,,6.0,,10.0,4.0,,,10.0,8.0,6.0,2.0,,3.0,,4.0,4.0,2.0,7.0,10.0,10.0,4.0,6.0,6.0,5.0,8.0,6.0,9,8.0,10,1
2005-10-05,85943,,11,2,6036.0,26842310,EFC,E F C BANCORP INC,EFC,522120.0,A,A,R,34719,2,6036.0,26842310.0,,,60.0,603.0,,,,,,,32.75,-0.007576,4824.0,1.0,33.2,157986.0,EFC,10.0,,,,,1,1.0,10.0,2.0,,,,,7.0,7.0,4.0,,,,,,10.0,2.0,4.0,3.0,,6.0,,10.0,4.0,,,10.0,8.0,6.0,2.0,,3.0,,4.0,4.0,2.0,7.0,10.0,10.0,4.0,6.0,6.0,5.0,8.0,6.0,9,8.0,10,1
2005-10-06,85943,,11,2,6036.0,26842310,EFC,E F C BANCORP INC,EFC,522120.0,A,A,R,34719,2,6036.0,26842310.0,,,60.0,603.0,,,,,,,32.85,0.003053,4824.0,1.0,32.9,158468.4,EFC,10.0,,,,,1,1.0,10.0,2.0,,,,,7.0,7.0,4.0,,,,,,10.0,2.0,4.0,3.0,,6.0,,10.0,4.0,,,10.0,8.0,6.0,2.0,,3.0,,4.0,4.0,2.0,7.0,10.0,10.0,4.0,6.0,6.0,5.0,8.0,6.0,9,8.0,10,1
2005-10-07,85943,,11,2,6036.0,26842310,EFC,E F C BANCORP INC,EFC,522120.0,A,A,R,34719,2,6036.0,26842310.0,,,60.0,603.0,,,,,,,-33.015,0.005023,4824.0,1.0,,-159264.36,EFC,10.0,,,,,1,1.0,10.0,2.0,,,,,7.0,7.0,4.0,,,,,,10.0,2.0,4.0,3.0,,6.0,,10.0,4.0,,,10.0,8.0,6.0,2.0,,3.0,,4.0,4.0,2.0,7.0,10.0,10.0,4.0,6.0,6.0,5.0,8.0,6.0,9,8.0,10,1
2005-10-10,85943,,11,2,6036.0,26842310,EFC,E F C BANCORP INC,EFC,522120.0,A,A,R,34719,2,6036.0,26842310.0,,,60.0,603.0,,,,,,,-32.92,-0.002878,4824.0,1.0,,-158806.08,EFC,10.0,,,,,1,1.0,10.0,2.0,,,,,7.0,7.0,4.0,,,,,,10.0,2.0,4.0,3.0,,6.0,,10.0,4.0,,,10.0,8.0,6.0,2.0,,3.0,,4.0,4.0,2.0,7.0,10.0,10.0,4.0,6.0,6.0,5.0,8.0,6.0,9,8.0,10,1
2005-10-11,85943,,11,2,6036.0,26842310,EFC,E F C BANCORP INC,EFC,522120.0,A,A,R,34719,2,6036.0,26842310.0,,,60.0,603.0,,,,,,,32.85,-0.002126,4824.0,1.0,33.09,158468.4,EFC,10.0,,,,,1,1.0,10.0,2.0,,,,,7.0,7.0,4.0,,,,,,10.0,2.0,4.0,3.0,,6.0,,10.0,4.0,,,10.0,8.0,6.0,2.0,,3.0,,4.0,4.0,2.0,7.0,10.0,10.0,4.0,6.0,6.0,5.0,8.0,6.0,9,8.0,10,1
2005-10-12,85943,,11,2,6036.0,26842310,EFC,E F C BANCORP INC,EFC,522120.0,A,A,R,34719,2,6036.0,26842310.0,,,60.0,603.0,,,,,,,32.71,-0.004262,4824.0,1.0,32.72,157793.04,EFC,10.0,,,,,1,1.0,10.0,2.0,,,,,7.0,7.0,4.0,,,,,,10.0,2.0,4.0,3.0,,6.0,,10.0,4.0,,,10.0,8.0,6.0,2.0,,3.0,,4.0,4.0,2.0,7.0,10.0,10.0,4.0,6.0,6.0,5.0,8.0,6.0,9,8.0,10,1
2005-10-13,85943,,11,2,6036.0,26842310,EFC,E F C BANCORP INC,EFC,522120.0,A,A,R,34719,2,6036.0,26842310.0,,,60.0,603.0,,,,,,,33.0,0.008866,4824.0,1.0,32.71,159192.0,EFC,10.0,,,,,1,1.0,10.0,2.0,,,,,7.0,7.0,4.0,,,,,,10.0,2.0,4.0,3.0,,6.0,,10.0,4.0,,,10.0,8.0,6.0,2.0,,3.0,,4.0,4.0,2.0,7.0,10.0,10.0,4.0,6.0,6.0,5.0,8.0,6.0,9,8.0,10,1
2005-10-14,85943,,11,2,6036.0,26842310,EFC,E F C BANCORP INC,EFC,522120.0,A,A,R,34719,2,6036.0,26842310.0,,,60.0,603.0,,,,,,,33.03,0.000909,4824.0,1.0,33.0,159336.72,EFC,10.0,,,,,1,1.0,10.0,2.0,,,,,7.0,7.0,4.0,,,,,,10.0,2.0,4.0,3.0,,6.0,,10.0,4.0,,,10.0,8.0,6.0,2.0,,3.0,,4.0,4.0,2.0,7.0,10.0,10.0,4.0,6.0,6.0,5.0,8.0,6.0,9,8.0,10,1
2005-10-17,85943,,11,2,6036.0,26842310,EFC,E F C BANCORP INC,EFC,522120.0,A,A,R,34719,2,6036.0,26842310.0,,,60.0,603.0,,,,,,,32.87,-0.004844,4824.0,1.0,33.08,158564.88,EFC,10.0,,,,,1,1.0,10.0,2.0,,,,,7.0,7.0,4.0,,,,,,10.0,2.0,4.0,3.0,,6.0,,10.0,4.0,,,10.0,8.0,6.0,2.0,,3.0,,4.0,4.0,2.0,7.0,10.0,10.0,4.0,6.0,6.0,5.0,8.0,6.0,9,8.0,10,1
2005-10-18,85943,,11,2,6036.0,26842310,EFC,E F C BANCORP INC,EFC,522120.0,A,A,R,34719,2,6036.0,26842310.0,,,60.0,603.0,,,,,,,33.0,0.003955,4824.0,1.0,33.0,159192.0,EFC,10.0,,,,,1,1.0,10.0,2.0,,,,,7.0,7.0,4.0,,,,,,10.0,2.0,4.0,3.0,,6.0,,10.0,4.0,,,10.0,8.0,6.0,2.0,,3.0,,4.0,4.0,2.0,7.0,10.0,10.0,4.0,6.0,6.0,5.0,8.0,6.0,9,8.0,10,1
2005-10-19,85943,,11,2,6036.0,26842310,EFC,E F C BANCORP INC,EFC,522120.0,A,A,R,34719,2,6036.0,26842310.0,,,60.0,603.0,,,,,,,33.15,0.004546,4824.0,1.0,33.07,159915.6,EFC,10.0,,,,,1,1.0,10.0,2.0,,,,,7.0,7.0,4.0,,,,,,10.0,2.0,4.0,3.0,,6.0,,10.0,4.0,,,10.0,8.0,6.0,2.0,,3.0,,4.0,4.0,2.0,7.0,10.0,10.0,4.0,6.0,6.0,5.0,8.0,6.0,9,8.0,10,1
2005-10-20,85943,,11,2,6036.0,26842310,EFC,E F C BANCORP INC,EFC,522120.0,A,A,R,34719,2,6036.0,26842310.0,,,60.0,603.0,,,,,,,33.37,0.006636,4824.0,1.0,33.25,160976.88,EFC,10.0,,,,,1,1.0,10.0,2.0,,,,,7.0,7.0,4.0,,,,,,10.0,2.0,4.0,3.0,,6.0,,10.0,4.0,,,10.0,8.0,6.0,2.0,,3.0,,4.0,4.0,2.0,7.0,10.0,10.0,4.0,6.0,6.0,5.0,8.0,6.0,9,8.0,10,1
2005-10-21,85943,,11,2,6036.0,26842310,EFC,E F C BANCORP INC,EFC,522120.0,A,A,R,34719,2,6036.0,26842310.0,,,60.0,603.0,,,,,,,33.47,0.002997,4824.0,1.0,33.4,161459.28,EFC,10.0,,,,,1,1.0,10.0,2.0,,,,,7.0,7.0,4.0,,,,,,10.0,2.0,4.0,3.0,,6.0,,10.0,4.0,,,10.0,8.0,6.0,2.0,,3.0,,4.0,4.0,2.0,7.0,10.0,10.0,4.0,6.0,6.0,5.0,8.0,6.0,9,8.0,10,1
2005-10-24,85943,,11,2,6036.0,26842310,EFC,E F C BANCORP INC,EFC,522120.0,A,A,R,34719,2,6036.0,26842310.0,,,60.0,603.0,,,,,,,33.5,0.000896,4824.0,1.0,33.32,161604.0,EFC,10.0,,,,,1,1.0,10.0,2.0,,,,,7.0,7.0,4.0,,,,,,10.0,2.0,4.0,3.0,,6.0,,10.0,4.0,,,10.0,8.0,6.0,2.0,,3.0,,4.0,4.0,2.0,7.0,10.0,10.0,4.0,6.0,6.0,5.0,8.0,6.0,9,8.0,10,1
2005-10-25,85943,,11,2,6036.0,26842310,EFC,E F C BANCORP INC,EFC,522120.0,A,A,R,34719,2,6036.0,26842310.0,,,60.0,603.0,,,,,,,33.4,-0.002985,4824.0,1.0,33.47,161121.6,EFC,10.0,,,,,1,1.0,10.0,2.0,,,,,7.0,7.0,4.0,,,,,,10.0,2.0,4.0,3.0,,6.0,,10.0,4.0,,,10.0,8.0,6.0,2.0,,3.0,,4.0,4.0,2.0,7.0,10.0,10.0,4.0,6.0,6.0,5.0,8.0,6.0,9,8.0,10,1
2005-10-26,85943,,11,2,6036.0,26842310,EFC,E F C BANCORP INC,EFC,522120.0,A,A,R,34719,2,6036.0,26842310.0,,,60.0,603.0,,,,,,,33.24,-0.00479,4824.0,1.0,33.3,160349.76,EFC,10.0,,,,,1,1.0,10.0,2.0,,,,,7.0,7.0,4.0,,,,,,10.0,2.0,4.0,3.0,,6.0,,10.0,4.0,,,10.0,8.0,6.0,2.0,,3.0,,4.0,4.0,2.0,7.0,10.0,10.0,4.0,6.0,6.0,5.0,8.0,6.0,9,8.0,10,1
2005-10-27,85943,,11,2,6036.0,26842310,EFC,E F C BANCORP INC,EFC,522120.0,A,A,R,34719,2,6036.0,26842310.0,,,60.0,603.0,,,,,,,33.08,-0.004813,4824.0,1.0,33.08,159577.92,EFC,10.0,,,,,1,1.0,10.0,2.0,,,,,7.0,7.0,4.0,,,,,,10.0,2.0,4.0,3.0,,6.0,,10.0,4.0,,,10.0,8.0,6.0,2.0,,3.0,,4.0,4.0,2.0,7.0,10.0,10.0,4.0,6.0,6.0,5.0,8.0,6.0,9,8.0,10,1
2005-10-28,85943,,11,2,6036.0,26842310,EFC,E F C BANCORP INC,EFC,522120.0,A,A,R,34719,2,6036.0,26842310.0,,,60.0,603.0,,,,,,,33.37,0.008767,4824.0,1.0,33.01,160976.88,EFC,10.0,,,,,1,1.0,10.0,2.0,,,,,7.0,7.0,4.0,,,,,,10.0,2.0,4.0,3.0,,6.0,,10.0,4.0,,,10.0,8.0,6.0,2.0,,3.0,,4.0,4.0,2.0,7.0,10.0,10.0,4.0,6.0,6.0,5.0,8.0,6.0,9,8.0,10,1
2005-10-31,85943,,11,2,6036.0,26842310,EFC,E F C BANCORP INC,EFC,522120.0,A,A,R,34719,2,6036.0,26842310.0,,,60.0,603.0,,,,,,,33.65,0.008391,4824.0,1.0,33.56,162327.6,EFC,10.0,,,,,1,1.0,10.0,2.0,,,,,7.0,7.0,4.0,,,,,,10.0,2.0,4.0,3.0,,6.0,,10.0,4.0,,,10.0,8.0,6.0,2.0,,3.0,,4.0,4.0,2.0,7.0,10.0,10.0,4.0,6.0,6.0,5.0,8.0,6.0,9,8.0,10,1
2005-11-01,85943,,11,2,6036.0,26842310,EFC,E F C BANCORP INC,EFC,522120.0,A,A,R,34719,2,6036.0,26842310.0,,,60.0,603.0,,,,,,,33.65,0.0,4824.0,1.0,33.56,162327.6,EFC,10.0,,,,,1,1.0,10.0,2.0,,,,,7.0,7.0,4.0,,,,,,10.0,2.0,4.0,3.0,,6.0,,9.0,5.0,,,10.0,7.0,8.0,1.0,,3.0,,1.0,1.0,2.0,3.0,10.0,10.0,5.0,6.0,7.0,6.0,9.0,6.0,9,10.0,10,1
2005-11-02,85943,,11,2,6036.0,26842310,EFC,E F C BANCORP INC,EFC,522120.0,A,A,R,34719,2,6036.0,26842310.0,,,60.0,603.0,,,,,,,34.0,0.010401,4824.0,1.0,33.65,164016.0,EFC,10.0,,,,,1,1.0,10.0,2.0,,,,,7.0,7.0,4.0,,,,,,10.0,2.0,4.0,3.0,,6.0,,9.0,5.0,,,10.0,7.0,8.0,1.0,,3.0,,1.0,1.0,2.0,3.0,10.0,10.0,5.0,6.0,7.0,6.0,9.0,6.0,9,10.0,10,1
2005-11-03,85943,,11,2,6036.0,26842310,EFC,E F C BANCORP INC,EFC,522120.0,A,A,R,34719,2,6036.0,26842310.0,,,60.0,603.0,,,,,,,34.16,0.004706,4824.0,1.0,34.0,164787.84,EFC,10.0,,,,,1,1.0,10.0,2.0,,,,,7.0,7.0,4.0,,,,,,10.0,2.0,4.0,3.0,,6.0,,9.0,5.0,,,10.0,7.0,8.0,1.0,,3.0,,1.0,1.0,2.0,3.0,10.0,10.0,5.0,6.0,7.0,6.0,9.0,6.0,9,10.0,10,1
2005-11-04,85943,,11,2,6036.0,26842310,EFC,E F C BANCORP INC,EFC,522120.0,A,A,R,34719,2,6036.0,26842310.0,,,60.0,603.0,,,,,,,-34.115,-0.001317,4824.0,1.0,,-164570.76,EFC,10.0,,,,,1,1.0,10.0,2.0,,,,,7.0,7.0,4.0,,,,,,10.0,2.0,4.0,3.0,,6.0,,9.0,5.0,,,10.0,7.0,8.0,1.0,,3.0,,1.0,1.0,2.0,3.0,10.0,10.0,5.0,6.0,7.0,6.0,9.0,6.0,9,10.0,10,1
2005-11-07,85943,,11,2,6036.0,26842310,EFC,E F C BANCORP INC,EFC,522120.0,A,A,R,34719,2,6036.0,26842310.0,,,60.0,603.0,,,,,,,34.05,-0.001905,4824.0,1.0,34.17,164257.2,EFC,10.0,,,,,1,1.0,10.0,2.0,,,,,7.0,7.0,4.0,,,,,,10.0,2.0,4.0,3.0,,6.0,,9.0,5.0,,,10.0,7.0,8.0,1.0,,3.0,,1.0,1.0,2.0,3.0,10.0,10.0,5.0,6.0,7.0,6.0,9.0,6.0,9,10.0,10,1
2005-11-08,85943,,11,2,6036.0,26842310,EFC,E F C BANCORP INC,EFC,522120.0,A,A,R,34719,2,6036.0,26842310.0,,,60.0,603.0,,,,,,,33.81,-0.007048,4824.0,1.0,33.97,163099.44,EFC,10.0,,,,,1,1.0,10.0,2.0,,,,,7.0,7.0,4.0,,,,,,10.0,2.0,4.0,3.0,,6.0,,9.0,5.0,,,10.0,7.0,8.0,1.0,,3.0,,1.0,1.0,2.0,3.0,10.0,10.0,5.0,6.0,7.0,6.0,9.0,6.0,9,10.0,10,1
2005-11-09,85943,,11,2,6036.0,26842310,EFC,E F C BANCORP INC,EFC,522120.0,A,A,R,34719,2,6036.0,26842310.0,,,60.0,603.0,,,,,,,34.21,0.011831,4824.0,1.0,34.01,165029.04,EFC,10.0,,,,,1,1.0,10.0,2.0,,,,,7.0,7.0,4.0,,,,,,10.0,2.0,4.0,3.0,,6.0,,9.0,5.0,,,10.0,7.0,8.0,1.0,,3.0,,1.0,1.0,2.0,3.0,10.0,10.0,5.0,6.0,7.0,6.0,9.0,6.0,9,10.0,10,1
2005-11-10,85943,,11,2,6036.0,26842310,EFC,E F C BANCORP INC,EFC,522120.0,A,A,R,34719,2,6036.0,26842310.0,,,60.0,603.0,,,,,,,34.53,0.009354,4824.0,1.0,34.01,166572.72,EFC,10.0,,,,,1,1.0,10.0,2.0,,,,,7.0,7.0,4.0,,,,,,10.0,2.0,4.0,3.0,,6.0,,9.0,5.0,,,10.0,7.0,8.0,1.0,,3.0,,1.0,1.0,2.0,3.0,10.0,10.0,5.0,6.0,7.0,6.0,9.0,6.0,9,10.0,10,1
2005-11-11,85943,,11,2,6036.0,26842310,EFC,E F C BANCORP INC,EFC,522120.0,A,A,R,34719,2,6036.0,26842310.0,,,60.0,603.0,,,,,,,34.72,0.005503,4824.0,1.0,34.65,167489.28,EFC,10.0,,,,,1,1.0,10.0,2.0,,,,,7.0,7.0,4.0,,,,,,10.0,2.0,4.0,3.0,,6.0,,9.0,5.0,,,10.0,7.0,8.0,1.0,,3.0,,1.0,1.0,2.0,3.0,10.0,10.0,5.0,6.0,7.0,6.0,9.0,6.0,9,10.0,10,1
2005-11-14,85943,,11,2,6036.0,26842310,EFC,E F C BANCORP INC,EFC,522120.0,A,A,R,34719,2,6036.0,26842310.0,,,60.0,603.0,,,,,,,34.34,-0.010945,4824.0,1.0,34.5,165656.16,EFC,10.0,,,,,1,1.0,10.0,2.0,,,,,7.0,7.0,4.0,,,,,,10.0,2.0,4.0,3.0,,6.0,,9.0,5.0,,,10.0,7.0,8.0,1.0,,3.0,,1.0,1.0,2.0,3.0,10.0,10.0,5.0,6.0,7.0,6.0,9.0,6.0,9,10.0,10,1
2005-11-15,85943,,11,2,6036.0,26842310,EFC,E F C BANCORP INC,EFC,522120.0,A,A,R,34719,2,6036.0,26842310.0,,,60.0,603.0,,,,,,,34.15,-0.005533,4824.0,1.0,34.54,164739.6,EFC,10.0,,,,,1,1.0,10.0,2.0,,,,,7.0,7.0,4.0,,,,,,10.0,2.0,4.0,3.0,,6.0,,9.0,5.0,,,10.0,7.0,8.0,1.0,,3.0,,1.0,1.0,2.0,3.0,10.0,10.0,5.0,6.0,7.0,6.0,9.0,6.0,9,10.0,10,1
2005-11-16,85943,,11,2,6036.0,26842310,EFC,E F C BANCORP INC,EFC,522120.0,A,A,R,34719,2,6036.0,26842310.0,,,60.0,603.0,,,,,,,33.85,-0.008785,4824.0,1.0,33.95,163292.4,EFC,10.0,,,,,1,1.0,10.0,2.0,,,,,7.0,7.0,4.0,,,,,,10.0,2.0,4.0,3.0,,6.0,,9.0,5.0,,,10.0,7.0,8.0,1.0,,3.0,,1.0,1.0,2.0,3.0,10.0,10.0,5.0,6.0,7.0,6.0,9.0,6.0,9,10.0,10,1
2005-11-17,85943,,11,2,6036.0,26842310,EFC,E F C BANCORP INC,EFC,522120.0,A,A,R,34719,2,6036.0,26842310.0,,,60.0,603.0,,,,,,,34.0,0.004431,4824.0,1.0,33.87,164016.0,EFC,10.0,,,,,1,1.0,10.0,2.0,,,,,7.0,7.0,4.0,,,,,,10.0,2.0,4.0,3.0,,6.0,,9.0,5.0,,,10.0,7.0,8.0,1.0,,3.0,,1.0,1.0,2.0,3.0,10.0,10.0,5.0,6.0,7.0,6.0,9.0,6.0,9,10.0,10,1
2005-11-18,85943,,11,2,6036.0,26842310,EFC,E F C BANCORP INC,EFC,522120.0,A,A,R,34719,2,6036.0,26842310.0,,,60.0,603.0,,,,,,,34.38,0.011177,4824.0,1.0,34.2,165849.12,EFC,10.0,,,,,1,1.0,10.0,2.0,,,,,7.0,7.0,4.0,,,,,,10.0,2.0,4.0,3.0,,6.0,,9.0,5.0,,,10.0,7.0,8.0,1.0,,3.0,,1.0,1.0,2.0,3.0,10.0,10.0,5.0,6.0,7.0,6.0,9.0,6.0,9,10.0,10,1
2005-11-21,85943,,11,2,6036.0,26842310,EFC,E F C BANCORP INC,EFC,522120.0,A,A,R,34719,2,6036.0,26842310.0,,,60.0,603.0,,,,,,,34.5,0.00349,4824.0,1.0,34.26,166428.0,EFC,10.0,,,,,1,1.0,10.0,2.0,,,,,7.0,7.0,4.0,,,,,,10.0,2.0,4.0,3.0,,6.0,,9.0,5.0,,,10.0,7.0,8.0,1.0,,3.0,,1.0,1.0,2.0,3.0,10.0,10.0,5.0,6.0,7.0,6.0,9.0,6.0,9,10.0,10,1
2005-11-22,85943,,11,2,6036.0,26842310,EFC,E F C BANCORP INC,EFC,522120.0,A,A,R,34719,2,6036.0,26842310.0,,,60.0,603.0,,,,,,,34.6,0.002899,4824.0,1.0,34.2,166910.4,EFC,10.0,,,,,1,1.0,10.0,2.0,,,,,7.0,7.0,4.0,,,,,,10.0,2.0,4.0,3.0,,6.0,,9.0,5.0,,,10.0,7.0,8.0,1.0,,3.0,,1.0,1.0,2.0,3.0,10.0,10.0,5.0,6.0,7.0,6.0,9.0,6.0,9,10.0,10,1
2005-11-23,85943,,11,2,6036.0,26842310,EFC,E F C BANCORP INC,EFC,522120.0,A,A,R,34719,2,6036.0,26842310.0,,,60.0,603.0,,,,,,,34.67,0.002023,4824.0,1.0,34.5,167248.08,EFC,10.0,,,,,1,1.0,10.0,2.0,,,,,7.0,7.0,4.0,,,,,,10.0,2.0,4.0,3.0,,6.0,,9.0,5.0,,,10.0,7.0,8.0,1.0,,3.0,,1.0,1.0,2.0,3.0,10.0,10.0,5.0,6.0,7.0,6.0,9.0,6.0,9,10.0,10,1
2005-11-25,85943,,11,2,6036.0,26842310,EFC,E F C BANCORP INC,EFC,522120.0,A,A,R,34719,2,6036.0,26842310.0,,,60.0,603.0,,,,,,,34.55,-0.003461,4824.0,1.0,34.55,166669.2,EFC,10.0,,,,,1,1.0,10.0,2.0,,,,,7.0,7.0,4.0,,,,,,10.0,2.0,4.0,3.0,,6.0,,9.0,5.0,,,10.0,7.0,8.0,1.0,,3.0,,1.0,1.0,2.0,3.0,10.0,10.0,5.0,6.0,7.0,6.0,9.0,6.0,9,10.0,10,1
2005-11-28,85943,,11,2,6036.0,26842310,EFC,E F C BANCORP INC,EFC,522120.0,A,A,R,34719,2,6036.0,26842310.0,,,60.0,603.0,,,,,,,34.2,-0.01013,4824.0,1.0,34.35,164980.8,EFC,10.0,,,,,1,1.0,10.0,2.0,,,,,7.0,7.0,4.0,,,,,,10.0,2.0,4.0,3.0,,6.0,,9.0,5.0,,,10.0,7.0,8.0,1.0,,3.0,,1.0,1.0,2.0,3.0,10.0,10.0,5.0,6.0,7.0,6.0,9.0,6.0,9,10.0,10,1
2005-11-29,85943,,11,2,6036.0,26842310,EFC,E F C BANCORP INC,EFC,522120.0,A,A,R,34719,2,6036.0,26842310.0,,,60.0,603.0,,,,,,,34.17,-0.000877,4824.0,1.0,34.15,164836.08,EFC,10.0,,,,,1,1.0,10.0,2.0,,,,,7.0,7.0,4.0,,,,,,10.0,2.0,4.0,3.0,,6.0,,9.0,5.0,,,10.0,7.0,8.0,1.0,,3.0,,1.0,1.0,2.0,3.0,10.0,10.0,5.0,6.0,7.0,6.0,9.0,6.0,9,10.0,10,1
2005-11-30,85943,,11,2,6036.0,26842310,EFC,E F C BANCORP INC,EFC,522120.0,A,A,R,34719,2,6036.0,26842310.0,,,60.0,603.0,,,,,,,34.15,-0.000585,4838.0,1.0,34.07,165217.7,EFC,10.0,,,,,1,1.0,10.0,2.0,,,,,7.0,7.0,4.0,,,,,,10.0,2.0,4.0,3.0,,6.0,,9.0,5.0,,,10.0,7.0,8.0,1.0,,3.0,,1.0,1.0,2.0,3.0,10.0,10.0,5.0,6.0,7.0,6.0,9.0,6.0,9,10.0,10,1
2005-12-01,85943,,11,2,6036.0,26842310,EFC,E F C BANCORP INC,EFC,522120.0,A,A,R,34719,2,6036.0,26842310.0,,,60.0,603.0,,,,,,,34.5,0.010249,4838.0,1.0,34.25,166911.0,EFC,10.0,,,,,1,1.0,10.0,2.0,,,,,7.0,7.0,4.0,,,,,,10.0,2.0,4.0,3.0,,6.0,,9.0,6.0,,,10.0,9.0,7.0,2.0,,3.0,,1.0,1.0,2.0,7.0,10.0,10.0,7.0,7.0,8.0,7.0,10.0,6.0,9,10.0,10,1
2005-12-02,85943,,11,2,6036.0,26842310,EFC,E F C BANCORP INC,EFC,522120.0,A,A,R,34719,2,6036.0,26842310.0,,,60.0,603.0,,,,,,,34.55,0.001449,4838.0,1.0,34.5,167152.9,EFC,10.0,,,,,1,1.0,10.0,2.0,,,,,7.0,7.0,4.0,,,,,,10.0,2.0,4.0,3.0,,6.0,,9.0,6.0,,,10.0,9.0,7.0,2.0,,3.0,,1.0,1.0,2.0,7.0,10.0,10.0,7.0,7.0,8.0,7.0,10.0,6.0,9,10.0,10,1
2005-12-05,85943,,11,2,6036.0,26842310,EFC,E F C BANCORP INC,EFC,522120.0,A,A,R,34719,2,6036.0,26842310.0,,,60.0,603.0,,,,,,,34.3,-0.007236,4838.0,1.0,34.38,165943.4,EFC,10.0,,,,,1,1.0,10.0,2.0,,,,,7.0,7.0,4.0,,,,,,10.0,2.0,4.0,3.0,,6.0,,9.0,6.0,,,10.0,9.0,7.0,2.0,,3.0,,1.0,1.0,2.0,7.0,10.0,10.0,7.0,7.0,8.0,7.0,10.0,6.0,9,10.0,10,1
2005-12-06,85943,,11,2,6036.0,26842310,EFC,E F C BANCORP INC,EFC,522120.0,A,A,R,34719,2,6036.0,26842310.0,,,60.0,603.0,,,,,,,34.5,0.005831,4838.0,1.0,34.37,166911.0,EFC,10.0,,,,,1,1.0,10.0,2.0,,,,,7.0,7.0,4.0,,,,,,10.0,2.0,4.0,3.0,,6.0,,9.0,6.0,,,10.0,9.0,7.0,2.0,,3.0,,1.0,1.0,2.0,7.0,10.0,10.0,7.0,7.0,8.0,7.0,10.0,6.0,9,10.0,10,1
2005-12-07,85943,,11,2,6036.0,26842310,EFC,E F C BANCORP INC,EFC,522120.0,A,A,R,34719,2,6036.0,26842310.0,,,60.0,603.0,,,,,,,34.3,-0.005797,4838.0,1.0,34.35,165943.4,EFC,10.0,,,,,1,1.0,10.0,2.0,,,,,7.0,7.0,4.0,,,,,,10.0,2.0,4.0,3.0,,6.0,,9.0,6.0,,,10.0,9.0,7.0,2.0,,3.0,,1.0,1.0,2.0,7.0,10.0,10.0,7.0,7.0,8.0,7.0,10.0,6.0,9,10.0,10,1
2005-12-08,85943,,11,2,6036.0,26842310,EFC,E F C BANCORP INC,EFC,522120.0,A,A,R,34719,2,6036.0,26842310.0,,,60.0,603.0,,,,,,,34.31,0.000292,4838.0,1.0,34.5,165991.78,EFC,10.0,,,,,1,1.0,10.0,2.0,,,,,7.0,7.0,4.0,,,,,,10.0,2.0,4.0,3.0,,6.0,,9.0,6.0,,,10.0,9.0,7.0,2.0,,3.0,,1.0,1.0,2.0,7.0,10.0,10.0,7.0,7.0,8.0,7.0,10.0,6.0,9,10.0,10,1
2005-12-09,85943,,11,2,6036.0,26842310,EFC,E F C BANCORP INC,EFC,522120.0,A,A,R,34719,2,6036.0,26842310.0,,,60.0,603.0,,,,,,,34.5,0.005538,4838.0,1.0,34.45,166911.0,EFC,10.0,,,,,1,1.0,10.0,2.0,,,,,7.0,7.0,4.0,,,,,,10.0,2.0,4.0,3.0,,6.0,,9.0,6.0,,,10.0,9.0,7.0,2.0,,3.0,,1.0,1.0,2.0,7.0,10.0,10.0,7.0,7.0,8.0,7.0,10.0,6.0,9,10.0,10,1
2005-12-12,85943,,11,2,6036.0,26842310,EFC,E F C BANCORP INC,EFC,522120.0,A,A,R,34719,2,6036.0,26842310.0,,,60.0,603.0,,,,,,,34.5,0.0,4838.0,1.0,34.25,166911.0,EFC,10.0,,,,,1,1.0,10.0,2.0,,,,,7.0,7.0,4.0,,,,,,10.0,2.0,4.0,3.0,,6.0,,9.0,6.0,,,10.0,9.0,7.0,2.0,,3.0,,1.0,1.0,2.0,7.0,10.0,10.0,7.0,7.0,8.0,7.0,10.0,6.0,9,10.0,10,1
2005-12-13,85943,,11,2,6036.0,26842310,EFC,E F C BANCORP INC,EFC,522120.0,A,A,R,34719,2,6036.0,26842310.0,,,60.0,603.0,,,,,,,34.36,-0.004058,4838.0,1.0,34.3,166233.68,EFC,10.0,,,,,1,1.0,10.0,2.0,,,,,7.0,7.0,4.0,,,,,,10.0,2.0,4.0,3.0,,6.0,,9.0,6.0,,,10.0,9.0,7.0,2.0,,3.0,,1.0,1.0,2.0,7.0,10.0,10.0,7.0,7.0,8.0,7.0,10.0,6.0,9,10.0,10,1
2005-12-14,85943,,11,2,6036.0,26842310,EFC,E F C BANCORP INC,EFC,522120.0,A,A,R,34719,2,6036.0,26842310.0,,,60.0,603.0,,,,,,,34.59,0.006694,4838.0,1.0,34.31,167346.42,EFC,10.0,,,,,1,1.0,10.0,2.0,,,,,7.0,7.0,4.0,,,,,,10.0,2.0,4.0,3.0,,6.0,,9.0,6.0,,,10.0,9.0,7.0,2.0,,3.0,,1.0,1.0,2.0,7.0,10.0,10.0,7.0,7.0,8.0,7.0,10.0,6.0,9,10.0,10,1
2005-12-15,85943,,11,2,6036.0,26842310,EFC,E F C BANCORP INC,EFC,522120.0,A,A,R,34719,2,6036.0,26842310.0,,,60.0,603.0,,,,,,,34.39,-0.005782,4838.0,1.0,34.39,166378.82,EFC,10.0,,,,,1,1.0,10.0,2.0,,,,,7.0,7.0,4.0,,,,,,10.0,2.0,4.0,3.0,,6.0,,9.0,6.0,,,10.0,9.0,7.0,2.0,,3.0,,1.0,1.0,2.0,7.0,10.0,10.0,7.0,7.0,8.0,7.0,10.0,6.0,9,10.0,10,1
2005-12-16,85943,,11,2,6036.0,26842310,EFC,E F C BANCORP INC,EFC,522120.0,A,A,R,34719,2,6036.0,26842310.0,,,60.0,603.0,,,,,,,-34.34,-0.001454,4838.0,1.0,,-166136.92,EFC,10.0,,,,,1,1.0,10.0,2.0,,,,,7.0,7.0,4.0,,,,,,10.0,2.0,4.0,3.0,,6.0,,9.0,6.0,,,10.0,9.0,7.0,2.0,,3.0,,1.0,1.0,2.0,7.0,10.0,10.0,7.0,7.0,8.0,7.0,10.0,6.0,9,10.0,10,1
2005-12-19,85943,,11,2,6036.0,26842310,EFC,E F C BANCORP INC,EFC,522120.0,A,A,R,34719,2,6036.0,26842310.0,,,60.0,603.0,,,,,,,34.4,0.001747,4838.0,1.0,34.19,166427.2,EFC,10.0,,,,,1,1.0,10.0,2.0,,,,,7.0,7.0,4.0,,,,,,10.0,2.0,4.0,3.0,,6.0,,9.0,6.0,,,10.0,9.0,7.0,2.0,,3.0,,1.0,1.0,2.0,7.0,10.0,10.0,7.0,7.0,8.0,7.0,10.0,6.0,9,10.0,10,1
2005-12-20,85943,,11,2,6036.0,26842310,EFC,E F C BANCORP INC,EFC,522120.0,A,A,R,34719,2,6036.0,26842310.0,,,60.0,603.0,,,,,,,34.3,-0.002907,4838.0,1.0,34.2,165943.4,EFC,10.0,,,,,1,1.0,10.0,2.0,,,,,7.0,7.0,4.0,,,,,,10.0,2.0,4.0,3.0,,6.0,,9.0,6.0,,,10.0,9.0,7.0,2.0,,3.0,,1.0,1.0,2.0,7.0,10.0,10.0,7.0,7.0,8.0,7.0,10.0,6.0,9,10.0,10,1
2005-12-21,85943,,11,2,6036.0,26842310,EFC,E F C BANCORP INC,EFC,522120.0,A,A,R,34719,2,6036.0,26842310.0,,,60.0,603.0,1232.0,0.1625,0.0,,,,34.0,-0.004009,4838.0,1.0,34.0,164492.0,EFC,10.0,,,,,1,1.0,10.0,2.0,,,,,7.0,7.0,4.0,,,,,,10.0,2.0,4.0,3.0,,6.0,,9.0,6.0,,,10.0,9.0,7.0,2.0,,3.0,,1.0,1.0,2.0,7.0,10.0,10.0,7.0,7.0,8.0,7.0,10.0,6.0,9,10.0,10,1
2005-12-22,85943,,11,2,6036.0,26842310,EFC,E F C BANCORP INC,EFC,522120.0,A,A,R,34719,2,6036.0,26842310.0,,,60.0,603.0,,,,,,,34.0,0.0,4838.0,1.0,34.0,164492.0,EFC,10.0,,,,,1,1.0,10.0,2.0,,,,,7.0,7.0,4.0,,,,,,10.0,2.0,4.0,3.0,,6.0,,9.0,6.0,,,10.0,9.0,7.0,2.0,,3.0,,1.0,1.0,2.0,7.0,10.0,10.0,7.0,7.0,8.0,7.0,10.0,6.0,9,10.0,10,1
2005-12-23,85943,,11,2,6036.0,26842310,EFC,E F C BANCORP INC,EFC,522120.0,A,A,R,34719,2,6036.0,26842310.0,,,60.0,603.0,,,,,,,34.0001,3e-06,4838.0,1.0,34.0,164492.4838,EFC,10.0,,,,,1,1.0,10.0,2.0,,,,,7.0,7.0,4.0,,,,,,10.0,2.0,4.0,3.0,,6.0,,9.0,6.0,,,10.0,9.0,7.0,2.0,,3.0,,1.0,1.0,2.0,7.0,10.0,10.0,7.0,7.0,8.0,7.0,10.0,6.0,9,10.0,10,1
2005-12-27,85943,,11,2,6036.0,26842310,EFC,E F C BANCORP INC,EFC,522120.0,A,A,R,34719,2,6036.0,26842310.0,,,60.0,603.0,,,,,,,34.0,-3e-06,4838.0,1.0,34.0,164492.0,EFC,10.0,,,,,1,1.0,10.0,2.0,,,,,7.0,7.0,4.0,,,,,,10.0,2.0,4.0,3.0,,6.0,,9.0,6.0,,,10.0,9.0,7.0,2.0,,3.0,,1.0,1.0,2.0,7.0,10.0,10.0,7.0,7.0,8.0,7.0,10.0,6.0,9,10.0,10,1
2005-12-28,85943,,11,2,6036.0,26842310,EFC,E F C BANCORP INC,EFC,522120.0,A,A,R,34719,2,6036.0,26842310.0,,,60.0,603.0,,,,,,,-34.0,0.0,4838.0,1.0,,-164492.0,EFC,10.0,,,,,1,1.0,10.0,2.0,,,,,7.0,7.0,4.0,,,,,,10.0,2.0,4.0,3.0,,6.0,,9.0,6.0,,,10.0,9.0,7.0,2.0,,3.0,,1.0,1.0,2.0,7.0,10.0,10.0,7.0,7.0,8.0,7.0,10.0,6.0,9,10.0,10,1
2005-12-29,85943,,11,2,6036.0,26842310,EFC,E F C BANCORP INC,EFC,522120.0,A,A,R,34719,2,6036.0,26842310.0,,,60.0,603.0,,,,,,,34.15,0.004412,4838.0,1.0,34.15,165217.7,EFC,10.0,,,,,1,1.0,10.0,2.0,,,,,7.0,7.0,4.0,,,,,,10.0,2.0,4.0,3.0,,6.0,,9.0,6.0,,,10.0,9.0,7.0,2.0,,3.0,,1.0,1.0,2.0,7.0,10.0,10.0,7.0,7.0,8.0,7.0,10.0,6.0,9,10.0,10,1
2005-12-30,85943,,11,2,6036.0,26842310,EFC,E F C BANCORP INC,EFC,522120.0,A,A,R,34719,2,6036.0,26842310.0,,,60.0,603.0,,,,,,,34.35,0.005856,4838.0,1.0,34.0,166185.3,EFC,10.0,,,,,1,1.0,10.0,2.0,,,,,7.0,7.0,4.0,,,,,,10.0,2.0,4.0,3.0,,6.0,,9.0,6.0,,,10.0,9.0,7.0,2.0,,3.0,,1.0,1.0,2.0,7.0,10.0,10.0,7.0,7.0,8.0,7.0,10.0,6.0,9,10.0,10,1
2006-01-03,85943,,11,2,6036.0,26842310,EFC,E F C BANCORP INC,EFC,522120.0,A,A,R,34719,2,6036.0,26842310.0,,,60.0,603.0,,,,,,,34.5499,0.00582,4838.0,1.0,34.5499,167152.4162,EFC,10.0,,,,,1,1.0,10.0,2.0,,,,,7.0,7.0,4.0,,,,,,10.0,2.0,4.0,3.0,,6.0,,9.0,6.0,,,10.0,9.0,6.0,2.0,,3.0,,1.0,1.0,2.0,5.0,10.0,10.0,8.0,5.0,5.0,4.0,9.0,6.0,8,10.0,10,1
2006-01-04,85943,,11,2,6036.0,26842310,EFC,E F C BANCORP INC,EFC,522120.0,A,A,R,34719,2,6036.0,26842310.0,,,60.0,603.0,,,,,,,34.55,3e-06,4838.0,1.0,34.55,167152.9,EFC,10.0,,,,,1,1.0,10.0,2.0,,,,,7.0,7.0,4.0,,,,,,10.0,2.0,4.0,3.0,,6.0,,9.0,6.0,,,10.0,9.0,6.0,2.0,,3.0,,1.0,1.0,2.0,5.0,10.0,10.0,8.0,5.0,5.0,4.0,9.0,6.0,8,10.0,10,1
2006-01-05,85943,,11,2,6036.0,26842310,EFC,E F C BANCORP INC,EFC,522120.0,A,A,R,34719,2,6036.0,26842310.0,,,60.0,603.0,,,,,,,34.51,-0.001158,4838.0,1.0,34.51,166959.38,EFC,10.0,,,,,1,1.0,10.0,2.0,,,,,7.0,7.0,4.0,,,,,,10.0,2.0,4.0,3.0,,6.0,,9.0,6.0,,,10.0,9.0,6.0,2.0,,3.0,,1.0,1.0,2.0,5.0,10.0,10.0,8.0,5.0,5.0,4.0,9.0,6.0,8,10.0,10,1
2006-01-06,85943,,11,2,6036.0,26842310,EFC,E F C BANCORP INC,EFC,522120.0,A,A,R,34719,2,6036.0,26842310.0,,,60.0,603.0,,,,,,,34.6,0.002608,4838.0,1.0,34.8,167394.8,EFC,10.0,,,,,1,1.0,10.0,2.0,,,,,7.0,7.0,4.0,,,,,,10.0,2.0,4.0,3.0,,6.0,,9.0,6.0,,,10.0,9.0,6.0,2.0,,3.0,,1.0,1.0,2.0,5.0,10.0,10.0,8.0,5.0,5.0,4.0,9.0,6.0,8,10.0,10,1
2006-01-09,85943,,11,2,6036.0,26842310,EFC,E F C BANCORP INC,EFC,522120.0,A,A,R,34719,2,6036.0,26842310.0,,,60.0,603.0,,,,,,,34.6,0.0,4838.0,1.0,34.8,167394.8,EFC,10.0,,,,,1,1.0,10.0,2.0,,,,,7.0,7.0,4.0,,,,,,10.0,2.0,4.0,3.0,,6.0,,9.0,6.0,,,10.0,9.0,6.0,2.0,,3.0,,1.0,1.0,2.0,5.0,10.0,10.0,8.0,5.0,5.0,4.0,9.0,6.0,8,10.0,10,1
2006-01-10,85943,,11,2,6036.0,26842310,EFC,E F C BANCORP INC,EFC,522120.0,A,A,R,34719,2,6036.0,26842310.0,,,60.0,603.0,,,,,,,-34.655,0.00159,4838.0,1.0,,-167660.89,EFC,10.0,,,,,1,1.0,10.0,2.0,,,,,7.0,7.0,4.0,,,,,,10.0,2.0,4.0,3.0,,6.0,,9.0,6.0,,,10.0,9.0,6.0,2.0,,3.0,,1.0,1.0,2.0,5.0,10.0,10.0,8.0,5.0,5.0,4.0,9.0,6.0,8,10.0,10,1
2006-01-11,85943,,11,2,6036.0,26842310,EFC,E F C BANCORP INC,EFC,522120.0,A,A,R,34719,2,6036.0,26842310.0,,,60.0,603.0,,,,,,,34.54,-0.003318,4838.0,1.0,34.54,167104.52,EFC,10.0,,,,,1,1.0,10.0,2.0,,,,,7.0,7.0,4.0,,,,,,10.0,2.0,4.0,3.0,,6.0,,9.0,6.0,,,10.0,9.0,6.0,2.0,,3.0,,1.0,1.0,2.0,5.0,10.0,10.0,8.0,5.0,5.0,4.0,9.0,6.0,8,10.0,10,1
2006-01-12,85943,,11,2,6036.0,26842310,EFC,E F C BANCORP INC,EFC,522120.0,A,A,R,34719,2,6036.0,26842310.0,,,60.0,603.0,,,,,,,34.55,0.000289,4838.0,1.0,34.61,167152.9,EFC,10.0,,,,,1,1.0,10.0,2.0,,,,,7.0,7.0,4.0,,,,,,10.0,2.0,4.0,3.0,,6.0,,9.0,6.0,,,10.0,9.0,6.0,2.0,,3.0,,1.0,1.0,2.0,5.0,10.0,10.0,8.0,5.0,5.0,4.0,9.0,6.0,8,10.0,10,1
2006-01-13,85943,,11,2,6036.0,26842310,EFC,E F C BANCORP INC,EFC,522120.0,A,A,R,34719,2,6036.0,26842310.0,,,60.0,603.0,,,,,,,34.55,0.0,4838.0,1.0,34.37,167152.9,EFC,10.0,,,,,1,1.0,10.0,2.0,,,,,7.0,7.0,4.0,,,,,,10.0,2.0,4.0,3.0,,6.0,,9.0,6.0,,,10.0,9.0,6.0,2.0,,3.0,,1.0,1.0,2.0,5.0,10.0,10.0,8.0,5.0,5.0,4.0,9.0,6.0,8,10.0,10,1
2006-01-17,85943,,11,2,6036.0,26842310,EFC,E F C BANCORP INC,EFC,522120.0,A,A,R,34719,2,6036.0,26842310.0,,,60.0,603.0,,,,,,,-34.61,0.001737,4838.0,1.0,,-167443.18,EFC,10.0,,,,,1,1.0,10.0,2.0,,,,,7.0,7.0,4.0,,,,,,10.0,2.0,4.0,3.0,,6.0,,9.0,6.0,,,10.0,9.0,6.0,2.0,,3.0,,1.0,1.0,2.0,5.0,10.0,10.0,8.0,5.0,5.0,4.0,9.0,6.0,8,10.0,10,1
2006-01-18,85943,,11,2,6036.0,26842310,EFC,E F C BANCORP INC,EFC,522120.0,A,A,R,34719,2,6036.0,26842310.0,,,60.0,603.0,,,,,,,-34.615,0.000144,4838.0,1.0,,-167467.37,EFC,10.0,,,,,1,1.0,10.0,2.0,,,,,7.0,7.0,4.0,,,,,,10.0,2.0,4.0,3.0,,6.0,,9.0,6.0,,,10.0,9.0,6.0,2.0,,3.0,,1.0,1.0,2.0,5.0,10.0,10.0,8.0,5.0,5.0,4.0,9.0,6.0,8,10.0,10,1
2006-01-19,85943,,11,2,6036.0,26842310,EFC,E F C BANCORP INC,EFC,522120.0,A,A,R,34719,2,6036.0,26842310.0,,,60.0,603.0,,,,,,,-34.655,0.001155,4838.0,1.0,,-167660.89,EFC,10.0,,,,,1,1.0,10.0,2.0,,,,,7.0,7.0,4.0,,,,,,10.0,2.0,4.0,3.0,,6.0,,9.0,6.0,,,10.0,9.0,6.0,2.0,,3.0,,1.0,1.0,2.0,5.0,10.0,10.0,8.0,5.0,5.0,4.0,9.0,6.0,8,10.0,10,1
2006-01-20,85943,,11,2,6036.0,26842310,EFC,E F C BANCORP INC,EFC,522120.0,A,A,R,34719,2,6036.0,26842310.0,,,60.0,603.0,,,,,,,-34.665,0.000289,4838.0,1.0,,-167709.27,EFC,10.0,,,,,1,1.0,10.0,2.0,,,,,7.0,7.0,4.0,,,,,,10.0,2.0,4.0,3.0,,6.0,,9.0,6.0,,,10.0,9.0,6.0,2.0,,3.0,,1.0,1.0,2.0,5.0,10.0,10.0,8.0,5.0,5.0,4.0,9.0,6.0,8,10.0,10,1
2006-01-23,85943,,11,2,6036.0,26842310,EFC,E F C BANCORP INC,EFC,522120.0,A,A,R,34719,2,6036.0,26842310.0,,,60.0,603.0,,,,,,,-34.665,0.0,4838.0,1.0,,-167709.27,EFC,10.0,,,,,1,1.0,10.0,2.0,,,,,7.0,7.0,4.0,,,,,,10.0,2.0,4.0,3.0,,6.0,,9.0,6.0,,,10.0,9.0,6.0,2.0,,3.0,,1.0,1.0,2.0,5.0,10.0,10.0,8.0,5.0,5.0,4.0,9.0,6.0,8,10.0,10,1
2006-01-24,85943,,11,2,6036.0,26842310,EFC,E F C BANCORP INC,EFC,522120.0,A,A,R,34719,2,6036.0,26842310.0,,,60.0,603.0,,,,,,,-34.705,0.001154,4838.0,1.0,,-167902.79,EFC,10.0,,,,,1,1.0,10.0,2.0,,,,,7.0,7.0,4.0,,,,,,10.0,2.0,4.0,3.0,,6.0,,9.0,6.0,,,10.0,9.0,6.0,2.0,,3.0,,1.0,1.0,2.0,5.0,10.0,10.0,8.0,5.0,5.0,4.0,9.0,6.0,8,10.0,10,1
2006-01-25,85943,,11,2,6036.0,26842310,EFC,E F C BANCORP INC,EFC,522120.0,A,A,R,34719,2,6036.0,26842310.0,,,60.0,603.0,,,,,,,34.6,-0.003026,4838.0,1.0,34.6,167394.8,EFC,10.0,,,,,1,1.0,10.0,2.0,,,,,7.0,7.0,4.0,,,,,,10.0,2.0,4.0,3.0,,6.0,,9.0,6.0,,,10.0,9.0,6.0,2.0,,3.0,,1.0,1.0,2.0,5.0,10.0,10.0,8.0,5.0,5.0,4.0,9.0,6.0,8,10.0,10,1
2006-01-26,85943,,11,2,6036.0,26842310,EFC,E F C BANCORP INC,EFC,522120.0,A,A,R,34719,2,6036.0,26842310.0,,,60.0,603.0,,,,,,,34.6,0.0,4838.0,1.0,34.6,167394.8,EFC,10.0,,,,,1,1.0,10.0,2.0,,,,,7.0,7.0,4.0,,,,,,10.0,2.0,4.0,3.0,,6.0,,9.0,6.0,,,10.0,9.0,6.0,2.0,,3.0,,1.0,1.0,2.0,5.0,10.0,10.0,8.0,5.0,5.0,4.0,9.0,6.0,8,10.0,10,1
2006-01-27,85943,,11,2,6036.0,26842310,EFC,E F C BANCORP INC,EFC,522120.0,A,A,R,34719,2,6036.0,26842310.0,,,60.0,603.0,,,,,,,34.65,0.001445,4838.0,1.0,34.61,167636.7,EFC,10.0,,,,,1,1.0,10.0,2.0,,,,,7.0,7.0,4.0,,,,,,10.0,2.0,4.0,3.0,,6.0,,9.0,6.0,,,10.0,9.0,6.0,2.0,,3.0,,1.0,1.0,2.0,5.0,10.0,10.0,8.0,5.0,5.0,4.0,9.0,6.0,8,10.0,10,1
2006-01-30,85943,,11,2,6036.0,26842310,EFC,E F C BANCORP INC,EFC,522120.0,A,A,R,34719,2,6036.0,26842310.0,,,60.0,603.0,,,,,,,-34.725,0.002164,4838.0,1.0,,-167999.55,EFC,10.0,,,,,1,1.0,10.0,2.0,,,,,7.0,7.0,4.0,,,,,,10.0,2.0,4.0,3.0,,6.0,,9.0,6.0,,,10.0,9.0,6.0,2.0,,3.0,,1.0,1.0,2.0,5.0,10.0,10.0,8.0,5.0,5.0,4.0,9.0,6.0,8,10.0,10,1
2006-01-31,85943,,11,2,6036.0,26842310,EFC,E F C BANCORP INC,EFC,522120.0,A,A,R,34719,2,6036.0,26842310.0,231.0,,60.0,603.0,,,,,75925.0,0.0,-34.75,0.00072,4838.0,1.0,,-168120.5,EFC,10.0,,,,,1,1.0,10.0,2.0,,,,,7.0,7.0,4.0,,,,,,10.0,2.0,4.0,3.0,,6.0,,9.0,6.0,,,10.0,9.0,6.0,2.0,,3.0,,1.0,1.0,2.0,5.0,10.0,10.0,8.0,5.0,5.0,4.0,9.0,6.0,8,10.0,10,1
2006-02-01,85943,,11,2,6036.0,26842310,EFC,E F C BANCORP INC,EFC,522120.0,A,A,R,34719,2,6036.0,26842310.0,,,60.0,603.0,3723.0,34.7526,-1.0,75925.0,,,,,,,,,EFC,10.0,,,,,1,1.0,10.0,2.0,,,,,7.0,7.0,4.0,,,,,,10.0,2.0,4.0,3.0,,6.0,,9.0,6.0,,,10.0,9.0,6.0,2.0,,3.0,,1.0,1.0,2.0,5.0,10.0,10.0,8.0,5.0,5.0,4.0,9.0,6.0,8,10.0,10,1
